AgentID,FirstName,LastName,Phone,Email
1,Susan,Adams,(356)177-5326,alyssa82@morgan.com
2,Tracy,Daniel,001-661-034-0270x516,justin56@diaz.com
3,Andrea,Richardson,115.169.9439x90317,joehubbard@clay.org
4,Victor,Smith,387-312-4762x624,david64@gonzales.net
5,Jake,Contreras,167.435.6874,kevinfry@davis-horton.com
6,Larry,Holloway,(767)556-8268,dennismorgan@solomon.com
7,Debra,Smith,+1-880-149-9684x86902,lynchjon@bailey.com
8,Carrie,Miranda,517.000.4565x920,travismarshall@knight.com
9,Ryan,Wolf,(723)487-2075x27678,sharonjordan@brown.com
10,Kristina,Olson,(388)382-3149,sclark@carpenter.biz
11,Cathy,Martinez,(780)306-2291,jason22@garrison.com
12,Valerie,Roberts,498.471.0182x10756,eandrews@smith.org
13,Kimberly,Green,606.511.9804x90735,wkemp@cox.com
14,Laura,Martin,(780)450-4380,gramos@turner.biz
15,Julie,Barrett,682.735.4204,fjones@mckee-reeves.com
16,Michael,Garcia,2948988742,anthonyowen@hensley.com
17,Kelli,Davis,+1-117-530-2126,imyers@owens.com
18,Aimee,Cherry,301.398.3398x3813,jennifer60@copeland-green.com
19,Victor,Fernandez,001-702-570-4420x028,caitlin30@ford-coleman.com
20,Tammy,Cohen,+1-287-700-0190x669,pyork@rivas.info
21,Robert,Miller,+1-744-357-4820x7428,christianjackson@ellis.com
22,Jessica,Oconnell,179.357.5192,mary71@savage.com
23,Carolyn,Gibbs,376-543-0647x95921,fostertaylor@barnes-bailey.com
24,Nicholas,Shaffer,(768)062-6956x733,johnsonjoe@martin.com
25,Kelly,Jones,937-270-6983,sue14@sanchez.com
26,Edward,Rush,(140)098-6404,wgarcia@reyes.com
27,Sara,Berry,256.979.8062x046,gcruz@clark.net
28,Mario,Jones,7966908876,emorris@jackson.com
29,Tyler,Alexander,001-994-356-9940x765,smithkevin@owen.com
30,Jennifer,Lin,+1-600-247-4421x69398,hernandezrita@perez.com
31,Gordon,Wilson,+1-408-496-1173,stevensmith@collins-castro.com
32,Adrian,Luna,001-127-498-7607x599,meyerbilly@solis.biz
33,Paul,Brooks,124.593.4260,jlong@henderson.com
34,Kelly,Harris,+1-538-517-0089x876,bonnie45@carter.org
35,Ryan,Gould,684-520-2317x6805,garzamichael@strickland.net
36,Taylor,Clark,+1-095-408-9488x65903,sanchezjody@coleman-nichols.org
37,Johnny,Steele,+1-294-939-8606x02071,loretta57@poole.com
38,Jennifer,Garza,+1-448-402-5392x2436,hannah65@cummings-peterson.biz
39,Julian,Nelson,(626)835-6635x68783,shawnwhite@allen-sims.com
40,Mark,Lopez,359-900-4178x2819,garciaemma@bailey.org
41,Hector,Gillespie,001-821-594-0629,julia80@griffith-mcneil.com
42,Spencer,Ball,746.517.3108,donovansuzanne@newton.com
43,Mark,Matthews,667-735-4156,sabrina11@davis-peters.net
44,Charles,Mccall,(929)206-9190x212,ddavis@roberts.com
45,Joshua,Macias,419.161.2063,smithpatricia@butler-cruz.com
46,Cody,Ramsey,(179)797-4176x4337,brittney05@king.biz
47,James,Valentine,117.822.1914,gburton@adams-gibson.com
48,Isaiah,Powell,744-500-4247x59711,mendozadonna@harrison.biz
49,Jacob,Stevens,+1-397-487-0084x291,warnergrant@welch-perez.com
50,Jacqueline,Paul,001-949-405-8566x1121,arnoldmichelle@watson.com
51,Scott,Hayes,001-988-371-3740,ohubbard@austin-knox.net
52,Michele,Coleman,(978)302-0173x617,kevinsmith@rodriguez.com
53,Chelsea,White,1423724101,davismatthew@bridges.info
54,Sharon,Ross,612.907.8864,melissa36@bennett-rodriguez.biz
55,John,Johnson,(067)684-1541x978,tiffany23@howard.com
56,John,Estrada,830.779.2624x94021,rwhite@lopez.info
57,Brian,Watson,583-934-0995,hallcindy@randolph-becker.com
58,William,Maxwell,(391)997-2726,xwiley@dunn.org
59,Mark,Rosales,236-650-4927x122,brownsara@williams.com
60,Donna,Goodman,(816)526-0003,xbanks@ortiz.com
61,Tammy,Walker,(844)086-1712,hsnow@graves.com
62,Angela,Parker,(418)061-9026,stevenlove@bright.com
63,Charles,Smith,(588)435-3041x9820,jessicabrady@bates.com
64,Emily,Christian,(522)788-2829x064,uperry@rogers.com
65,Kristi,Nelson,592-134-8392x9559,jennifermiller@diaz-dominguez.com
66,Jennifer,Manning,(421)426-0725x5241,stephaniebrown@anderson.com
67,Joshua,Olson,052-364-2890x4390,natasha30@sanchez-carroll.net
68,Anna,Harper,001-770-694-0995x5928,qfrost@solis-nixon.biz
69,Devin,Rodgers,356.053.9317,nicoletodd@kim.info
70,Michael,Wyatt,+1-218-661-1607x986,istafford@brown-vasquez.com
71,Brenda,Washington,+1-474-435-3421x0407,adam44@robles.com
72,Luis,Turner,700-074-8325x48696,lcunningham@gutierrez.com
73,Nathan,Stevens,+1-546-821-9490x52397,mcintoshcody@martinez.com
74,Jesse,Wiggins,+1-702-600-5743x6075,ronald94@garza.com
75,Amy,Howard,+1-215-812-2751x8778,robertbrown@gonzalez.net
76,Fred,Gonzalez,001-515-944-8545x9758,michael30@cruz-clements.biz
77,Sherri,Warren,001-771-367-6854x356,christopher51@robinson.com
78,Gina,Terry,659.722.9708,phelpsstacy@ortega.net
79,Christopher,Caldwell,163-600-6669x677,kevinlee@cruz-wilkins.com
80,Kim,Jackson,241-155-1017x371,caldwellkelly@bennett-vazquez.com
81,John,Miller,888-564-8915x582,bradleymoss@meyers-garza.com
82,Kyle,Miller,459-897-7238x87951,richardknight@ramirez.org
83,Kimberly,Lambert,001-418-031-6267,ronald27@scott.org
84,Amanda,Lopez,(070)076-6137x50280,jill94@huff-williams.biz
85,Linda,Sanchez,(531)653-1927x08691,santosandre@franco.org
86,Angela,Anderson,164-380-6564x8789,grahameric@king.org
87,Michelle,Davis,(266)204-8747x86201,ricardo15@moran.com
88,Mark,Houston,(897)166-6621x33413,ndorsey@ray.com
89,Monica,Smith,+1-686-235-4574x57484,russellpatrick@cortez-frye.com
90,Kendra,Holland,434.567.1235,caseyangela@king.com
91,Francisco,Williams,492.453.4886x02593,dtaylor@sharp.com
92,Carolyn,Terry,001-696-939-4152x222,jenniferbell@williams-martin.com
93,Samantha,Vargas,(731)862-3921,kramerjohn@morgan.com
94,Rachel,Turner,(781)035-7704,kayla09@brooks.com
95,Darrell,Norris,782-732-6087x91849,charles98@williams.com
96,Jessica,Johnson,808.408.9949x5724,nataliepatterson@cooper.com
97,Kelly,Mills,976-440-3054x515,george39@smith.com
98,Jeremy,Wade,+1-879-763-1257x04261,justin82@gallegos-barr.net
99,Robert,Walker,+1-492-148-1148,russell64@jordan-briggs.com
100,Tyler,Maddox,(238)338-9738x9548,tanya05@cole.com
