ClientID,FirstName,LastName,Phone,Email
1,Daniel,Hoffman,5519656988,deborah83@hotmail.com
2,Heather,Good,+1-570-565-8487x89968,tamaraellis@dean.com
3,Shelia,Ryan,001-444-315-7702x8262,bradleybell@hotmail.com
4,Margaret,Knight,001-752-253-9221x228,mcmillanjulia@lindsey.com
5,Jesus,Moore,633.478.9307x986,patelrebecca@day.com
6,Jose,Gibson,636-419-8972,brianguerra@hotmail.com
7,Vanessa,Hill,655-830-8435x43747,sarahheath@yahoo.com
8,Teresa,Smith,(573)794-8059x9130,randy50@yahoo.com
9,Rachel,Odom,384.798.7184x33461,jade73@yahoo.com
10,Garrett,Owens,037.196.2178x793,royortega@hotmail.com
11,Tami,Watkins,201.090.1239x2453,mccoytony@smith.com
12,Travis,Nelson,481.039.6516x236,rebecca52@proctor.com
13,Debra,White,139-196-1817x120,kingrachel@gmail.com
14,James,Webster,(196)343-3877x50593,dianejohnson@yahoo.com
15,Kimberly,Hill,111.374.8590,ileach@yahoo.com
16,Stephen,Jackson,803-950-5199x380,hancocknatalie@gmail.com
17,Joseph,Moyer,(752)887-8904x831,waynerose@gmail.com
18,Samantha,Ewing,001-614-485-5171x0575,xbell@gmail.com
19,Charles,Sanchez,001-955-624-6257x1114,chad25@gmail.com
20,Mary,Craig,001-102-328-2348x6923,williamsrobert@vazquez-mercado.org
21,Helen,Adams,(761)778-0164x182,hayesrachel@yahoo.com
22,Veronica,Rodriguez,900-363-8625x6907,efrazier@yahoo.com
23,Todd,Weaver,001-117-059-9016x52810,jortiz@hotmail.com
24,Hannah,Newman,822.459.8579,sheila52@wells.org
25,Dalton,Knox,421.750.8131x956,yjacobson@gmail.com
26,Brian,Rich,4016109385,fluna@yahoo.com
27,Kevin,Williams,070.225.3330x2597,robertboyd@gmail.com
28,William,Davenport,733-138-8880x424,morganmerritt@hotmail.com
29,Kristin,Schwartz,(879)062-2965x4307,james26@yahoo.com
30,Susan,Hobbs,8637521598,tiffany79@dunlap.biz
31,Benjamin,Kelly,(928)075-4977x699,robertjohnson@george.info
32,Kristen,Lee,001-156-322-9776,dsmith@wagner.net
33,Jeffrey,Sherman,700-096-3144x222,ccarlson@hotmail.com
34,Krista,Brady,140-496-6908x47644,robinsonamanda@hotmail.com
35,Daniel,Wilson,540.181.0038x57035,julia18@yahoo.com
36,Zachary,Lee,264-836-2342,smithdon@johnson.com
37,Michael,Stevens,447-151-6603x04849,cporter@yahoo.com
38,Judy,Brown,730-804-9178,zachary19@andrews.com
39,Melissa,Bridges,(757)132-5139,agray@gmail.com
40,Justin,Kelley,(027)598-1392x522,lvincent@fuentes-perez.net
41,Steven,Rodriguez,001-131-477-4222x70413,uwest@lawrence.org
42,Molly,Smith,115.155.3427x191,bbaldwin@gmail.com
43,Gwendolyn,Wilson,+1-859-434-8263x725,garciaadam@gmail.com
44,Erica,King,279.342.6563x01367,oholmes@gmail.com
45,Matthew,Jones,240.733.0188,lmartin@gmail.com
46,Michael,Turner,263.139.1538x312,kristinguerrero@gmail.com
47,Emily,Mcdonald,841.403.7208x4901,danielbailey@davis.com
48,Veronica,White,001-151-822-7401x1627,rosalesmichael@humphrey.info
49,Douglas,Kim,(645)504-3470x360,pmann@gmail.com
50,Larry,Gonzalez,445-529-1755,kim21@knapp.com
51,Sherri,Gutierrez,+1-265-222-7113x68283,elliottgary@harris.com
52,Benjamin,Ray,+1-133-146-9578x339,ksmith@gmail.com
53,Gregory,Brooks,423.002.0841x165,wjohnson@hotmail.com
54,Richard,Walter,280.343.4627,clee@hotmail.com
55,Shane,Castillo,(504)058-7179,jasoncamacho@gentry-henry.com
56,Laura,Russell,(701)838-8582x091,amanda86@long-alvarado.info
57,Zachary,Sanchez,+1-158-697-7749x871,ianderson@gmail.com
58,Meredith,Phillips,576.405.4030,harmonkayla@sims-johnson.info
59,David,Everett,(676)705-7988,hgilbert@hernandez-hicks.org
60,Elizabeth,Newton,4579722483,cgibson@gmail.com
61,Misty,Baker,130.332.3221x4150,billy92@yahoo.com
62,Andrea,Fleming,(062)718-5443,hoffmanhaley@greene-vincent.com
63,Zoe,Williams,233.800.6360x59042,qcarter@gmail.com
64,Joe,Richardson,(460)796-9257x76183,ggonzalez@anderson.com
65,Tiffany,Green,313-795-7120x770,thomas12@yahoo.com
66,Donald,Burns,(087)966-0094x663,lhardin@walter-ramirez.com
67,Lynn,Fitzpatrick,356-571-5294x689,gharmon@yahoo.com
68,Brian,Ryan,+1-399-992-7555,mgiles@gmail.com
69,David,West,001-456-955-7880x05256,timothybright@collins-andrews.biz
70,Shelia,King,123-474-5750x45927,florescaitlin@hotmail.com
71,Angel,Baker,+1-957-430-0984x6420,alexandra65@yahoo.com
72,Marie,Cruz,001-451-272-1238x8799,hsmith@ramsey.com
73,Teresa,Watson,2174448743,stephaniewilliams@hotmail.com
74,Brian,Butler,616.365.3253,thompsonkendra@hotmail.com
75,Sharon,Mathews,231.105.9277,mcintyrekimberly@hotmail.com
76,David,Murphy,001-636-124-8152x94189,hjohnson@yahoo.com
77,Jessica,Lyons,(918)095-2561,lynn79@gmail.com
78,Maria,Waller,464.925.6835x74333,butlerbernard@stephens.net
79,Justin,Tyler,(006)480-4561x1288,bgibbs@brown.biz
80,Paul,Briggs,(003)226-1014,james43@mitchell.com
81,Joshua,Miller,(784)868-6439x841,fjohnston@hotmail.com
82,Katherine,Vasquez,001-315-979-1671x8182,mclaughlinmonica@gmail.com
83,Sheila,Stout,001-693-301-0506x83369,beth85@williams-davenport.com
84,Thomas,Bass,124-222-6398,baileycody@hotmail.com
85,Mark,Flores,2659582680,xramos@hotmail.com
86,Scott,Allen,001-110-118-1719x2285,dennisbartlett@yahoo.com
87,Jessica,Moody,(229)747-2531,jacob77@walsh-campbell.biz
88,Timothy,Aguilar,(690)991-8233x85929,nicoleirwin@wilson-white.net
89,Ryan,Johnson,001-436-118-8411x154,julie18@parrish.com
90,Kyle,Diaz,001-418-630-5529x1214,taylorhailey@gmail.com
91,Katherine,Cook,001-455-280-8857x36393,brittney12@graham.biz
92,Gregory,Richardson,900.435.4830x60357,kaylafoster@gmail.com
93,Patrick,Knight,(521)859-4251,jennifer51@hotmail.com
94,Kristopher,Hunter,760.231.4843,colleenmurray@gmail.com
95,Dylan,Maddox,(296)516-1523x78988,damonsutton@hotmail.com
96,Jessica,Reed,+1-135-051-1238x7013,millssamantha@yahoo.com
97,Kelly,Russell,(144)193-4064,dalereyes@hotmail.com
98,Brian,Buck,001-501-309-3176x375,ujuarez@lopez.com
99,Dustin,English,001-495-378-1714x2620,jonesgabriel@hotmail.com
100,Kathleen,Davidson,(891)918-1007,igrant@yahoo.com
101,Cynthia,Hernandez,+1-873-687-9257x33473,andreabarnett@davis-freeman.com
102,Kaitlyn,Young,516.268.1687,hudsonamy@gmail.com
103,Jennifer,Taylor,(125)401-0277,tmartinez@ward.com
104,Samantha,Collins,+1-349-900-7945,mary91@bennett.com
105,Dalton,Fischer,333.193.2066,jenniferwilliams@yahoo.com
106,Christopher,Bright,095.315.5057,joshuajoyce@byrd-butler.com
107,Martin,Rosales,+1-270-169-2183,victoriamorgan@lopez.com
108,Alex,Cobb,427-665-9002x435,rrichmond@gmail.com
109,Melissa,Livingston,644.312.2588x619,cardenasjohn@hotmail.com
110,Hannah,Craig,710.286.7211,kingbianca@martinez.com
111,Julie,Reilly,(644)789-8336x49291,jacquelinecarter@yahoo.com
112,Mercedes,Henderson,241-201-5220,tammybarber@stephens-washington.com
113,David,Preston,0098035531,gmoreno@hotmail.com
114,Joseph,Freeman,+1-115-028-7004x44060,ramossuzanne@roberts-medina.com
115,Rodney,Dickerson,378-833-7201,beth38@clark.info
116,Tracy,Williams,+1-561-258-2941x346,cameronhughes@lee.info
117,Wendy,Kirk,979-809-0707x3572,lawrencerichard@yahoo.com
118,Jeffrey,Miller,060-780-0260x3620,torrespatricia@hotmail.com
119,Sara,Soto,173.369.7912,hailey61@gmail.com
120,Bryan,Washington,(602)738-9065x27920,fitzgeraldjessica@gmail.com
121,David,Knox,073.511.8768x22022,lori49@gmail.com
122,Gregory,Bautista,(654)825-2962,whitebrett@anderson.biz
123,Rhonda,Nguyen,105.240.5642,morrisstephanie@hotmail.com
124,Joshua,Manning,001-260-754-2477,paulallen@henson.com
125,Amanda,Randolph,001-418-430-1682,hilljoshua@gmail.com
126,Eric,Schmidt,(029)040-0809x020,kristin93@escobar-hunt.com
127,Joseph,Williams,(314)457-9773x060,sjohnson@mccoy.com
128,Lisa,Lopez,578.345.0590x817,anthony08@hotmail.com
129,Melissa,Shelton,6460278190,alanrice@hotmail.com
130,Michael,Perkins,001-112-681-3930,gibsonmatthew@choi.com
131,James,West,080-457-3275,kathleen38@yahoo.com
132,Jason,Gaines,621.547.0815x904,rogersnorman@hotmail.com
133,Melissa,Quinn,(231)617-0669x48610,cwu@levine.com
134,Debbie,Todd,045-521-0349,molly61@yahoo.com
135,Toni,Whitaker,+1-119-131-7104,kristin55@adams.com
136,Martin,Smith,+1-063-775-6877x866,sandralawson@roberts.com
137,Karina,Mccormick,001-234-227-4688x154,raymond63@walters-chavez.com
138,Barbara,Santiago,3406051473,frank23@anderson.com
139,Sydney,Kramer,361-669-3712x75624,briddle@rose-allen.com
140,Aaron,Wilson,397.161.4979x78579,ghanson@gmail.com
141,Deborah,Wood,+1-398-145-5139,wrightandrew@yahoo.com
142,Anna,Ramos,2086817701,lopezmichelle@fischer-thompson.com
143,Brent,Smith,+1-690-802-9677x0680,adrian17@hotmail.com
144,Jason,Wilson,(550)660-2734x0333,ramosbrian@hotmail.com
145,Jeffrey,Walsh,530.003.4534x08020,lisa17@hotmail.com
146,Matthew,Williams,276-816-8208,billybrown@gray.com
147,Ronald,Harris,(464)120-0498x369,nathan97@hotmail.com
148,Kevin,Smith,061.655.7879,preeves@hotmail.com
149,Cynthia,Mccann,+1-671-253-2142,vconner@hotmail.com
150,Jonathan,Johnson,(484)847-8993,williamnewman@jimenez.com
151,James,Gibson,633-687-4051x2764,cluna@caldwell.org
152,Sarah,Long,755-517-1613x69314,johnnywarner@yahoo.com
153,Laura,Duke,(125)304-0740,jonesdamon@yahoo.com
154,Jeremy,Winters,918-194-4757x3237,martinstuart@wilcox.com
155,Jason,Jennings,001-327-604-9451x308,wandawhite@scott-smith.org
156,Jonathan,Mahoney,323.790.2135,xholland@yahoo.com
157,Aaron,Gomez,(187)153-0546,santanavanessa@abbott.com
158,Christian,Hughes,(564)422-9869x349,kimberlygraves@freeman.com
159,Heidi,Browning,+1-416-896-8164x491,richard60@yahoo.com
160,Brian,Johnson,(593)639-8788x67328,whitejody@carroll.info
161,Melissa,Fuentes,381-566-3122,cgarcia@hernandez.net
162,Yvonne,Noble,956-071-9340x77579,denise16@gmail.com
163,Erica,Cruz,(464)591-0883,grantdenise@gmail.com
164,Crystal,Stewart,001-176-587-5572x088,ujohnson@hotmail.com
165,Colton,Myers,(509)378-2241x5743,steve91@smith.com
166,Madison,Holmes,447-951-9420x6973,uharris@humphrey.com
167,William,Morris,949-650-4502,evelyn85@long-reed.biz
168,Susan,Reed,(229)131-1682x63612,ltucker@hotmail.com
169,Samantha,Phillips,+1-876-888-2464,randolphedward@hotmail.com
170,Anthony,Phillips,001-819-980-8561x423,perezlaura@rodriguez.biz
171,Sabrina,Obrien,955.183.1666,fdickerson@anderson.com
172,Cindy,Long,001-296-075-6409,victoria04@wilson.com
173,Toni,Mendez,901-350-8864x0948,renee73@torres-smith.com
174,Timothy,Gonzalez,001-118-584-7937x1138,donald70@gilbert.org
175,Amy,Padilla,008.877.7531x1457,brittneysullivan@hotmail.com
176,Marissa,Sanchez,046.952.4139x919,brownvincent@hines.biz
177,Misty,Williams,703.271.9860,terri14@banks-hawkins.com
178,Brian,Cole,001-292-352-1402x8546,croberson@fisher.net
179,Katie,Nelson,198.993.5582x047,timothyroberson@trevino.com
180,Shawn,Combs,828-814-6172x1661,jmunoz@garcia-lewis.com
181,Brendan,Cole,+1-748-246-8366x9273,wkhan@gmail.com
182,Matthew,Patel,(345)592-0283x83613,andrewsalexis@yahoo.com
183,Jesus,Kelly,284.695.4033x6831,amandajohnson@coleman.com
184,Brian,Gomez,166.892.6974,fmcclure@hotmail.com
185,Karl,Rice,001-578-102-9606,bharris@ponce-mathews.com
186,Jake,Deleon,+1-809-818-3061,aliciafuentes@yahoo.com
187,Elizabeth,Vega,617.912.8079x131,sherryfranco@griffin.info
188,Kristina,White,001-156-201-3943x9521,dawnlee@beck.com
189,Crystal,Jefferson,(172)909-3006,john93@hotmail.com
190,Brian,Brown,479-261-8504x797,russell58@mejia-butler.com
191,Diane,Trujillo,0765515060,christywright@dunn-smith.org
192,Mark,Hall,023.125.2760,lopezderek@gmail.com
193,Donald,Thompson,001-605-174-3281,andrew41@sanchez-larson.net
194,Sherri,Newton,3292379120,alexandrarussell@gmail.com
195,Michael,Jordan,001-360-419-7275x15974,uward@obrien.info
196,Jeffrey,Harrell,001-382-829-6531,joycesmith@hotmail.com
197,Amanda,Davis,677.832.4974,yvonne05@richardson.com
198,Tracie,Alvarez,(690)082-5468x32044,starkbrian@garza.biz
199,Jerry,Bond,+1-146-386-1629,deanna70@hotmail.com
200,Joann,Burns,373-954-4019,ysolis@cabrera.net
201,Morgan,Walker,119-038-2640,vincentturner@little-garcia.com
202,Debbie,Mitchell,001-209-013-2826x652,karen02@thompson-brown.com
203,Elizabeth,Johnson,778.452.5322,katelyn50@hotmail.com
204,Kyle,Casey,+1-968-956-2998x26675,stephen11@hotmail.com
205,Brittany,Gray,001-360-037-4701,amy99@cook.net
206,Melissa,Porter,001-030-258-4246x3078,georgeoneal@cortez-west.com
207,Melvin,Kennedy,+1-106-182-9456x9047,ubrown@lynch-cain.com
208,Ryan,Campos,(200)918-2382,emily98@gmail.com
209,Kelli,Vargas,(081)534-4891x875,derek97@adkins-sims.net
210,Thomas,Holmes,8666383173,susanhughes@gmail.com
211,Jose,Scott,147-781-3432,nicholasguerrero@ritter-levy.com
212,Diana,Benson,(792)799-4238,vchen@tate.com
213,Tanya,Lopez,(001)346-6368x098,iboyle@howard-crawford.com
214,Sarah,Williams,832.863.5652,michael61@yahoo.com
215,Lisa,Bates,+1-398-174-8661x83266,justin82@gmail.com
216,Anthony,Marshall,(967)169-1056,phillip08@hotmail.com
217,Mark,Chen,(422)526-4974,qrose@hotmail.com
218,Amber,Pace,001-317-480-4351x919,odavis@gmail.com
219,Jennifer,Robinson,790.306.9968,fmoore@hotmail.com
220,Edward,Hunter,+1-789-730-5047,reedjennifer@ross.com
221,Jason,Tyler,725-534-2604,ojackson@lyons.com
222,Elizabeth,Prince,(285)850-0566x786,lewischristopher@robinson-wolfe.com
223,Daniel,Castillo,(635)310-8390x406,burchjoseph@gmail.com
224,Benjamin,Vazquez,613.812.8683,christinaromero@yahoo.com
225,Casey,Thompson,(135)932-1394x8506,meyeramy@francis.biz
226,Sergio,Williams,001-565-647-2177x498,hunterkeith@taylor.com
227,Michelle,Wright,001-069-842-1081,alexandra11@ramos-daugherty.info
228,Cassandra,Lynch,(934)685-1867x80476,ashley40@hotmail.com
229,Dennis,Haynes,087.003.0061x4851,sandramooney@grant.com
230,Derek,Gonzalez,489.312.9449,mroberts@yahoo.com
231,Christy,Anderson,(742)634-4546x3670,bob11@yahoo.com
232,Richard,Allen,461-535-9632,brianallen@cole.com
233,Victoria,Campbell,347.978.3209,beckchristine@yates.net
234,James,Wilson,001-312-933-5593x43595,grantmiller@johnson.info
235,Antonio,Obrien,312.834.3306,richardjefferson@hotmail.com
236,Kenneth,Smith,001-175-133-1760x01715,bkline@phelps-casey.com
237,James,Jefferson,001-175-680-7534x57264,haydenkirby@conrad.biz
238,Tammy,Harvey,+1-111-193-2566x39647,melissa14@yahoo.com
239,Rita,Barnes,8448492278,rcole@mann-hayes.com
240,Regina,Harris,492.793.2798,sparksmarc@yahoo.com
241,Tina,Rodriguez,5518624331,wmoreno@hotmail.com
242,Erica,Myers,901-658-7162x9178,chodge@gmail.com
243,Lindsey,Arias,935.513.9191x98293,matthewmartinez@gmail.com
244,Timothy,Schmidt,000-552-9572x489,williamwhite@yahoo.com
245,Henry,Miller,(083)626-5339,vmitchell@rodriguez.biz
246,Megan,Ross,+1-479-001-6135x45692,dixonalexis@hall.com
247,Chase,Stewart,+1-530-739-7961,vanessa77@brooks.com
248,Brianna,Short,(297)786-9593,longkathleen@benson-meyers.com
249,Diane,Barton,220.792.8889x7873,cathyphillips@nichols-berger.com
250,Jill,Rodriguez,+1-387-487-6227x8380,abigail89@gmail.com
251,Mary,Scott,474.077.8787x492,gjones@gmail.com
252,Joseph,Collins,830.884.3345,djennings@hicks-arroyo.com
253,Lori,Barnes,054.219.9179x157,onealtaylor@duncan.biz
254,Carly,Vasquez,001-267-332-9355,cindy45@hotmail.com
255,Claire,Arnold,001-387-349-3847x9465,allenlisa@yahoo.com
256,Matthew,Hale,170.306.9335x09288,joshua16@bennett.com
257,Christy,Miles,+1-175-834-4503,afry@white.com
258,William,Cummings,(747)739-1033,walkerlauren@hotmail.com
259,Brittany,Farrell,6675340464,gpace@yahoo.com
260,Timothy,Ali,(600)544-4787,lgoodwin@yahoo.com
261,Carlos,Tran,(262)030-2291,bsanders@hotmail.com
262,Jessica,Peters,001-871-071-7863x1754,amanda31@allen.info
263,James,Price,001-322-555-8270x082,bshort@hotmail.com
264,Derrick,Franklin,+1-358-741-3471x66934,taylorschwartz@yahoo.com
265,Katelyn,Thomas,131.073.7261,normankimberly@gmail.com
266,William,Avery,1602505114,lisatorres@hotmail.com
267,Benjamin,Mercer,3294152017,isabel17@ayala.com
268,Brooke,Crawford,783-724-0852x9140,owheeler@rice.org
269,Kenneth,Smith,001-543-720-4618,nicholesanchez@hotmail.com
270,Joann,Baker,(061)611-3902x60172,cnguyen@collins.com
271,Lynn,Kelly,071-299-3683,jordan77@gmail.com
272,Tammy,Richardson,0591581535,amber15@hotmail.com
273,April,Morales,190.773.7148x037,debra49@gmail.com
274,John,Guzman,0605294114,jennifer89@green.com
275,Kevin,Lopez,+1-242-459-3131x8366,robertsmicheal@hampton-parrish.com
276,Amber,Price,000-189-9288x925,carl53@hotmail.com
277,Ashley,King,866.451.7729x7176,whernandez@yahoo.com
278,William,Brown,001-349-853-8990x00189,kimberly09@gmail.com
279,Cody,Lynch,2626393761,tduncan@yates.com
280,Ryan,Jimenez,942-817-0694x78166,kimberlyconner@jones-jimenez.com
281,Manuel,Nguyen,001-926-303-3767x13890,carrie80@yahoo.com
282,Teresa,Jacobs,(345)327-8103x43100,jlozano@love.com
283,Brian,Martinez,527.166.4166x4020,kevinhampton@malone.com
284,Ryan,White,+1-748-513-4009x03068,jensengregory@williams.com
285,Austin,Jones,(640)460-0624x7818,dustincook@gmail.com
286,Melissa,Howard,857.422.9965,zcallahan@yahoo.com
287,Lisa,Freeman,702-590-5858x01583,youngbeth@mendez.com
288,Joseph,Phillips,+1-702-521-9157x54964,mcordova@foley.com
289,Andrew,Austin,(268)758-5886x52765,vanessabass@hotmail.com
290,Steve,Wagner,978.408.7411x08160,mgarcia@yahoo.com
291,John,Schroeder,(701)136-6900x97927,elijahrichards@hotmail.com
292,Shelley,Holmes,001-351-239-9511x74773,qthomas@parker.com
293,Rachel,Gregory,+1-230-273-8124,joe87@gmail.com
294,Samuel,Long,001-297-924-3647x3086,milleramanda@yahoo.com
295,Brenda,Hickman,(292)558-5468,garciaherbert@moss.info
296,Jennifer,Rodriguez,001-040-641-9506x6574,sgallegos@barber-dean.info
297,Sara,Williams,064-966-9204,maria80@hotmail.com
298,Kenneth,Herring,089.616.6579,harrispatrick@hotmail.com
299,Adam,Johnson,393-306-9958x160,gmarks@morris-lopez.com
300,Jeff,Anderson,513.781.5112x237,vwang@yahoo.com
301,Darrell,Davies,(090)271-6973,xzhang@yahoo.com
302,Justin,Kirby,001-983-080-0412,leecasey@sellers.org
303,Kevin,Pearson,+1-148-044-7912,qmichael@yahoo.com
304,Alexander,Lyons,(590)402-0105x925,jason12@ewing.com
305,Walter,Combs,673.098.6598,joshuasmith@yahoo.com
306,Keith,Mcdaniel,377-061-9002x3925,cwilson@yahoo.com
307,Gary,Sullivan,299-563-3462,gbarnes@yahoo.com
308,Travis,Wheeler,(353)836-1339,floydjason@hotmail.com
309,Hannah,Powell,+1-223-546-9633x093,aross@hotmail.com
310,Jason,Ramos,672.592.8430,andreaharris@hotmail.com
311,David,Martinez,+1-431-024-8284x8301,nashbenjamin@fisher.info
312,Robin,Jones,153-326-6073x244,alexandria87@yahoo.com
313,Sydney,Obrien,+1-863-234-8320x6995,ztrujillo@valencia-ward.com
314,Samantha,Hernandez,595.360.0027,dwright@steele.com
315,William,Brown,(286)947-0731x4619,penningtonalexander@baker.net
316,Nicole,Herman,908-769-5544x88682,jaredlee@hotmail.com
317,Mark,Hall,705.381.0786x95520,willie89@gmail.com
318,Morgan,Willis,+1-371-150-0065,ricardorodriguez@yahoo.com
319,Kathleen,Myers,139-017-2622x192,joseph39@gmail.com
320,Megan,Holden,+1-922-781-9812x4628,zmonroe@gmail.com
321,Crystal,Morales,2713369268,kevin17@hotmail.com
322,Megan,Jackson,587-515-9728x948,brayallison@kemp-kirk.biz
323,Melanie,Chapman,001-478-179-8350x469,creynolds@gmail.com
324,Robert,Stevens,+1-478-242-4041,hkirk@hayes-kelly.biz
325,Amanda,Morris,(704)342-9269x792,maria75@watson.com
326,Christina,Williamson,796-923-8104,andrewwood@yahoo.com
327,Michelle,Smith,001-956-739-9546x4186,mjohnson@yahoo.com
328,Justin,Zhang,500.088.8903,adamsilva@daniels.com
329,Julie,Spears,512.076.5435,justinmartin@gmail.com
330,Margaret,Marquez,185.667.8776,simsaaron@mejia.biz
331,James,Miranda,+1-456-613-0420x26844,qbutler@gmail.com
332,David,Lucas,+1-731-320-1657x7257,albertwalker@gmail.com
333,David,Knox,659-659-7894,tina60@miller.com
334,John,Diaz,(314)627-9873,christina65@mejia.info
335,Hannah,Burke,(549)252-5955,abaker@hotmail.com
336,Harold,Rubio,(644)400-5185x910,spenceramanda@andrade.biz
337,Dennis,Berry,600.334.0929x3905,zroberts@mendoza.net
338,Donald,Lynch,001-121-265-1815x686,fhorton@foster.net
339,Catherine,Rangel,232.949.2466x256,kanejessica@berry-palmer.com
340,Valerie,Carrillo,+1-319-907-3689,deborahrusso@hotmail.com
341,Tammy,Waller,272.307.8731x432,richardwalker@yahoo.com
342,Logan,Velez,+1-616-690-4590,michelle73@johnson.com
343,Barbara,Phelps,+1-601-199-3406,tgonzalez@yahoo.com
344,James,Pitts,(674)250-6064,sarah94@yahoo.com
345,Travis,Ryan,+1-387-922-8129,ambercampbell@clark-douglas.com
346,Mark,Olson,5093827845,gaustin@martinez.org
347,Lisa,Moore,811-820-5470,cwilliamson@taylor.net
348,Nathan,Liu,175.407.4043x645,howardporter@yahoo.com
349,Norma,Gomez,2987650922,rwang@mejia.com
350,Sarah,Johnson,(555)094-1369,cassandraperez@williams-jones.com
351,Gary,Garcia,2560118229,lopezdebra@zavala-forbes.org
352,Mckenzie,Price,978-704-8496,sarah91@nelson.net
353,Christopher,Hill,(154)843-7658x084,dukematthew@johnston-stark.biz
354,James,Mann,070-482-8673,qanderson@yahoo.com
355,Christian,Bowers,343-328-3713x248,emcclain@hotmail.com
356,Dana,Thomas,0741547138,agallegos@russell.info
357,Valerie,Little,+1-816-477-6410x6719,courtneygonzales@weiss-perez.com
358,Dawn,Evans,+1-673-609-5215x9695,fdeleon@hotmail.com
359,Jeff,Carter,1166044850,garciarachel@hotmail.com
360,Joseph,Reyes,(923)945-1659x8609,jsummers@barnes-crawford.com
361,Mary,Hernandez,(142)374-9822x2655,goodmanluke@yahoo.com
362,Nicholas,Hicks,2999432852,robert38@krause-jimenez.com
363,James,Dennis,+1-199-215-3659x48229,gregory11@evans.com
364,Kenneth,Smith,(615)981-1422,andersonkaitlyn@hurley.net
365,Ross,Booth,+1-902-645-3188,gjones@palmer.info
366,Emily,Nelson,091.772.2968x8273,christopherstrickland@aguilar.com
367,James,Chaney,(567)388-0040x46076,christina94@gmail.com
368,Donna,Blackburn,001-713-763-6443,eking@hotmail.com
369,Teresa,Ramos,001-467-403-0097,carla70@yahoo.com
370,Joanna,Moreno,001-622-083-5614x361,vchambers@gmail.com
371,William,Rich,422-433-2561,kingkeith@yahoo.com
372,Joseph,Smith,+1-323-523-9956x6758,matthewmoss@hotmail.com
373,Alexis,Adams,423-957-0958x619,mshelton@yahoo.com
374,Joseph,Lynn,(179)284-6048x62923,jesseharrell@hotmail.com
375,Jeffrey,Horn,322.563.3922x4120,adamswesley@gmail.com
376,Carol,Lynch,204.350.3213,josephcoleman@yahoo.com
377,Gail,Hernandez,(030)315-1915,cmartin@wright-jacobs.info
378,Heidi,Jennings,(614)763-1672x9162,bryan83@cox.biz
379,Victoria,Stein,641.177.7328,maxwelljanice@hotmail.com
380,Matthew,Kane,955-916-9173x45389,jenniferhart@gmail.com
381,Eddie,Jackson,(921)376-5962x938,hrose@yahoo.com
382,David,Ray,001-192-475-9762x184,ehawkins@hancock.net
383,Vincent,Russell,083.152.0999x3238,brownsuzanne@hotmail.com
384,Darlene,Garcia,319-686-8307x46814,katie11@gmail.com
385,Troy,Butler,+1-264-466-0809x395,sharonrocha@gmail.com
386,Robert,Sweeney,001-792-666-3012x216,thomas19@hotmail.com
387,Lisa,Ellis,300-652-4367,yhernandez@park-santana.com
388,Christopher,Simmons,725-381-3153x4369,bwilliams@yahoo.com
389,Wendy,Allen,(111)077-7422,djohnson@gamble-walton.com
390,Kaitlin,Greene,+1-062-904-7807x832,richard12@yahoo.com
391,Denise,Hill,827.458.4105x10406,qreynolds@brown.com
392,Jack,Ruiz,(147)565-9272x2835,obrienangela@stephens-hardy.com
393,Jacob,Wood,412.373.7541,thomasvasquez@gregory-meyer.com
394,Ray,Rodgers,+1-029-473-6869x063,aarongilbert@hamilton.net
395,Darlene,Smith,+1-901-576-5856,hogansarah@abbott.org
396,Stuart,Rodriguez,(044)378-9294,joyce41@sparks.org
397,Amanda,Barton,695.968.7987x5525,vrangel@tapia-callahan.com
398,Wayne,Smith,+1-720-611-5837x61535,christina70@gmail.com
399,Nicole,Nelson,001-354-841-1332x54917,canderson@taylor.net
400,Jeffrey,Townsend,+1-950-029-6238,richard16@hotmail.com
401,Kevin,Deleon,(482)109-0131,sanchezcrystal@gmail.com
402,Corey,Maxwell,203.115.0567x733,nfranco@hotmail.com
403,Christine,Miller,(511)660-7946x6868,juarezmatthew@noble.com
404,Erin,Schmidt,(746)827-9498,nancy06@gmail.com
405,Andrew,Jackson,(445)296-0408,william14@yahoo.com
406,Carolyn,Moore,695-680-1469x4003,gwright@hotmail.com
407,Kevin,Morgan,001-881-533-8883x4283,jennifer76@gmail.com
408,Julie,Hood,+1-634-462-9656x069,anthonypearson@davis.com
409,Michelle,Harris,346-488-3955x4330,costadaniel@perkins.com
410,Jason,Gallagher,836.295.8761,ilee@hotmail.com
411,Olivia,Cruz,522-895-8198,andrefleming@yahoo.com
412,Jennifer,Rodriguez,+1-686-603-6966,richardpitts@moody.com
413,Lorraine,Bauer,+1-588-156-0228x989,joneszachary@gmail.com
414,Jennifer,Butler,001-401-092-7259,veronicawilliams@yahoo.com
415,William,Dorsey,134-188-1203x73621,barbara18@brooks-combs.net
416,Christopher,Anderson,763.286.7682x55926,srobinson@yahoo.com
417,Molly,Moore,642.446.5432x67100,dgonzalez@beasley-greene.biz
418,Amanda,Garcia,(902)254-6743x52881,ncoffey@orr.com
419,James,Howell,+1-361-582-2979,pamela38@gmail.com
420,Amanda,Hobbs,0457677563,lewisjack@castillo.com
421,John,George,351.576.1137x470,wilsongerald@gmail.com
422,David,Lopez,+1-654-945-6129x3380,monroestacy@marshall.com
423,Ian,Maddox,961-846-8799,derek65@yahoo.com
424,Sandra,Bird,533-260-3548x729,pamelachang@gmail.com
425,Jennifer,Scott,177.738.1988,jli@caldwell.com
426,Michael,Frazier,+1-290-148-1864x107,stacywheeler@neal.com
427,Lisa,Anderson,2036267946,hamiltongabrielle@hotmail.com
428,Danielle,Robbins,(149)700-1322,kholt@hotmail.com
429,Gary,Graves,6581406221,kevin58@yahoo.com
430,Elizabeth,Mitchell,001-063-020-5952,alexiswyatt@gmail.com
431,Heather,Martin,(914)595-7330x099,rpierce@yahoo.com
432,Jennifer,Wyatt,+1-193-811-8524x0210,kelliott@hotmail.com
433,Nancy,Horton,408.822.1595,lisafloyd@smith.com
434,Amy,Hogan,654-932-4544x315,mpeterson@hotmail.com
435,Michael,Scott,598-837-0500,alowe@hotmail.com
436,Laura,Allen,448-901-0039,smithamanda@yahoo.com
437,Amy,Peterson,307-195-5748,jennifer40@crawford.com
438,Andre,Gonzalez,(126)992-2735x7286,lambmegan@smith.biz
439,Sarah,Logan,001-953-505-8360x7410,ncarpenter@yahoo.com
440,Michael,Rogers,(685)028-3869,william27@long.com
441,Andrew,Campbell,+1-438-038-7920x530,kevinwilliams@woodward.com
442,John,Bowers,001-151-083-6787,amanda06@scott.com
443,Joshua,Jones,7271654485,ibutler@james-jacobs.com
444,Caleb,Freeman,001-089-671-0332x14082,petersonshelly@yahoo.com
445,Manuel,Blackwell,823-895-8089x73610,tyronenewton@yahoo.com
446,Robert,Schultz,+1-203-880-9433x48297,cheryl48@ward-byrd.com
447,Donald,Harrell,092-567-9758,owilliams@dean.com
448,Shane,Guerrero,+1-556-534-8694x440,xrussell@rivera.org
449,Eric,Escobar,+1-416-890-3590,emily31@yahoo.com
450,Evan,Young,148.450.1698x506,heatherjones@yahoo.com
451,Maxwell,White,001-976-738-4704x334,janice65@gmail.com
452,Jesse,Smith,717-762-7199x31020,franciscoclark@mendoza.biz
453,Diane,Cherry,410-153-8566,cunninghamsheri@thompson.com
454,Denise,Davis,611-930-1943,tamaraandrews@gmail.com
455,George,Park,823-217-9075x502,wanda00@hotmail.com
456,Denise,Wilcox,437-501-3280,jonathan26@wallace-murphy.biz
457,Monica,Gonzalez,774-270-8731x5371,samanthajohnson@lewis-foster.net
458,Sarah,Carrillo,(683)817-7233x862,cheryl52@yahoo.com
459,Seth,Rivera,684-908-2210x30837,kylemiller@hotmail.com
460,Chad,Davis,7828267657,michaelromero@gmail.com
461,James,Smith,+1-065-867-0303x952,srodriguez@luna.com
462,Daniel,Booker,989.849.3467,kbrewer@vasquez.net
463,Jesus,Martin,047.576.0976x351,thomas89@gmail.com
464,Emily,Riley,618-398-0932x1790,steven40@wilcox.com
465,Johnny,Wagner,001-526-871-4661,bowenjennifer@hotmail.com
466,Kimberly,Bowen,724.356.9025,christinahanson@mills-burns.org
467,Kristina,Bailey,(293)224-2650x0403,gobrien@hotmail.com
468,Megan,Anderson,(824)950-6557x7604,maria60@leonard.com
469,Wayne,Coleman,559.459.9475,nathanberg@lopez-lindsey.info
470,Jason,Trevino,9801757422,cjohnson@hotmail.com
471,Dean,Drake,613-704-4155x646,lararhonda@collins.com
472,Cory,Baker,183-946-8231,melaniebowman@obrien.com
473,Anthony,Anderson,+1-034-482-0921x6614,caroldavis@walton.biz
474,Mike,Rodriguez,094.260.0140x28050,rogersrobin@hotmail.com
475,Christopher,Vaughn,169.752.6917,frank94@hotmail.com
476,Kimberly,Williams,467-623-4903x5992,mmcgrath@gmail.com
477,Laura,Turner,(619)719-7182x5140,owenspamela@gmail.com
478,Amy,Dunn,176-139-6145,jimenezcameron@yahoo.com
479,Jessica,Watts,995.499.1920x79751,johnsongregory@wilson.com
480,Ryan,Gonzalez,381.612.8061,williskyle@gmail.com
481,Rachel,Stephenson,+1-519-092-5441x8441,trankent@stein.com
482,David,Wheeler,(440)885-9932x36855,faith32@yahoo.com
483,Stephanie,Young,599-537-5905,gonzalezcorey@lambert-robinson.net
484,Mark,Stewart,(691)314-7408x604,sjohnson@gmail.com
485,Johnny,Snyder,141-384-3648,david87@clark-green.com
486,Michelle,Martin,+1-690-521-0734x12948,icombs@kerr.net
487,Thomas,Brown,(423)008-3639,alan94@gmail.com
488,Christopher,Pierce,001-403-067-0677,archerandrew@yahoo.com
489,Kristy,Nelson,(133)522-7241,melissachandler@hotmail.com
490,Shane,Ramirez,001-272-715-7900x7574,ksolis@yahoo.com
491,John,Ball,+1-345-970-4932x617,sharris@gmail.com
492,Krista,Thompson,317.012.1806x321,fwells@boone.info
493,Debra,Jensen,001-423-289-5584,morrisdiana@lewis.net
494,Veronica,Thompson,469-000-6583x2493,jaredmcpherson@hotmail.com
495,William,Ray,935-253-1812x7054,kyletaylor@ellison.com
496,Randy,Carter,(136)518-3411,bcampos@gallegos.com
497,Lisa,Ruiz,(541)290-5161,wjohnson@wong.com
498,Kelli,Woodard,6519818654,jason06@hotmail.com
499,Cynthia,Turner,879-699-0900x56350,zbrown@walsh.net
500,Amanda,Miller,(676)346-8788x99807,michaelperry@hotmail.com
501,Frank,Vazquez,(810)985-7763x2801,herrerakaitlin@hotmail.com
502,Levi,Cannon,+1-168-773-0335,zgriffin@english.info
503,Austin,Mills,+1-356-820-2922x7274,davidperez@gmail.com
504,Alyssa,Mendoza,061-995-4154x12975,santosjames@yahoo.com
505,Chad,Brandt,(471)108-0002x2591,dana86@blackburn-gates.net
506,Anna,Reese,(284)372-1094x8594,cookdesiree@gmail.com
507,Laurie,Perkins,0013700146,tina62@gmail.com
508,Kayla,Martin,394-278-5002,lori48@elliott.com
509,Fred,Ramos,667.646.0642,gscott@hotmail.com
510,Andrea,Johnson,+1-712-998-4079x38372,salinasblake@perez-huff.biz
511,Jimmy,Cummings,267-544-0674,kelly21@hotmail.com
512,Erica,Potter,908-256-3059x77162,patrickbaker@adkins.info
513,Christopher,Stout,190.240.9128x80018,karenlopez@hotmail.com
514,Christopher,Vargas,(838)095-8450x550,cmelendez@perry-wells.com
515,Robert,Davis,563-786-0819x8501,briannacolon@gmail.com
516,Victoria,Hansen,001-441-813-8467x25931,nmurray@hotmail.com
517,Natasha,Smith,866.210.2462x2413,iwalsh@george.org
518,Joy,Carroll,001-067-290-7805,kristen81@rodriguez-pacheco.com
519,Jason,Reese,708-880-2320,uwright@long.biz
520,Caitlyn,Bradshaw,520-109-4236x6642,kschmidt@gmail.com
521,Christopher,Hancock,5321885725,christopher72@lopez.com
522,Perry,Freeman,225.395.8790,craigalison@sanchez.org
523,Charles,Perez,001-404-478-7106x32082,duffymanuel@cantrell.info
524,Guy,Garcia,1344061112,mooreandrea@mullins.com
525,Sarah,Navarro,119-985-1715,smithamanda@baker.biz
526,Steven,Martin,606.881.6788x9491,whitepatrick@yahoo.com
527,Charles,Miles,+1-406-225-7870x547,elizabethsanchez@yahoo.com
528,Frederick,Cooper,924.640.8834,jason03@mcpherson.net
529,Curtis,Crawford,(284)960-8451x368,millerjaime@novak.com
530,Nicole,Rogers,001-232-952-1091x9200,craigsantiago@harris-nelson.org
531,Eric,Young,(289)827-9272x728,molly89@gonzalez-velasquez.com
532,Juan,Curtis,(104)975-5055x73639,sabrina07@hotmail.com
533,Kristin,Mosley,491.151.8894,frank84@oconnor-sexton.org
534,Gwendolyn,Rivera,+1-438-413-5902x89326,christopher15@huerta-little.net
535,Logan,Miller,(148)425-9167,lopezkaren@wilson.net
536,Thomas,Gomez,(869)200-0477x2049,jessica79@yahoo.com
537,Brandon,Olson,(336)333-2556,kristenwalker@gmail.com
538,Aaron,Freeman,291.808.9214x975,rmelendez@gmail.com
539,David,Wallace,725.307.0929,gainestommy@hotmail.com
540,William,Johnson,652.729.4157,ramirezluis@gmail.com
541,Christina,Moreno,745.136.0270,barbaraevans@yahoo.com
542,Billy,George,152-581-3844,destinyadams@roberts.com
543,Kevin,Fowler,431-123-0944x944,timothy75@gmail.com
544,Angela,Aguirre,(473)084-0937x4182,carmencarpenter@hotmail.com
545,Matthew,Hutchinson,(451)009-6639x39174,jonathanvasquez@rogers.biz
546,Mary,Johnson,+1-385-392-3541x5364,gford@yahoo.com
547,Amanda,Moore,1464806043,edward58@morrison.biz
548,Jose,Barr,+1-478-967-6569x07460,christopher96@gmail.com
549,Daniel,Henson,183.919.3467x30697,mfranco@dodson-mitchell.org
550,Tanya,Dickerson,791.487.8871,hailey72@mejia-white.org
551,Deborah,Reyes,061.297.6896,qaguirre@nelson.info
552,Jacqueline,Estes,418.652.8222,danielle08@hotmail.com
553,Kathleen,White,(482)134-4410x08410,jamesmueller@yahoo.com
554,Lori,Gonzalez,034-691-0144x3269,martinanthony@reyes.com
555,Laura,Edwards,9790592363,andreahess@hotmail.com
556,Andrew,Monroe,(070)735-9062,william85@lewis.com
557,Dustin,Goodman,675.200.0568,davidwilliams@clark.net
558,Terri,Hayes,(658)532-2422,christopher41@hotmail.com
559,Deborah,Odonnell,001-324-129-8779x649,christian28@yahoo.com
560,Theresa,Anderson,810.216.2124,crystal95@murphy-craig.com
561,Dylan,Myers,862.002.4187x71001,angelica33@olson.com
562,Mark,Bailey,050.792.2794x641,burtonshannon@howard.com
563,Sara,Harvey,(375)295-5690,melissa82@hotmail.com
564,Robert,Weaver,001-674-981-4710x0733,jonathanjones@roy-rasmussen.com
565,Allison,Johnson,903.583.6366x69675,tcollins@yahoo.com
566,Carol,Flores,447-635-1511x949,jocelynroberts@parsons.info
567,Kristen,Richardson,+1-998-013-3480x54256,mikaylamaddox@le-young.org
568,Cynthia,Logan,(669)717-5316x4489,jamieharris@yahoo.com
569,Mario,Peters,968.843.3017x5309,abrandt@smith.com
570,Jennifer,Brown,001-316-823-5618x413,xrobertson@hotmail.com
571,Tiffany,Garrett,(909)213-2564,wellsspencer@gmail.com
572,Denise,Snyder,237.260.2686x78734,john85@smith.biz
573,Jon,Douglas,971.210.4882x027,lee55@durham.org
574,Deborah,Smith,7376499567,jorgenavarro@jones.com
575,Tina,Davidson,968-647-4827,owaller@roberts.com
576,Shaun,Spencer,889-677-6495x2021,alicia49@burns-willis.net
577,Angela,Wagner,487.231.1841,ppeters@rodriguez.com
578,Hunter,Stuart,048.030.5512,rebecca31@yahoo.com
579,Steven,Hernandez,+1-805-687-7757x7181,rickharris@yahoo.com
580,Laura,Allen,739-341-9650x5169,kanderson@meza-reeves.net
581,Andrew,Doyle,594-299-5488,ybrandt@hotmail.com
582,Alan,Greene,(585)591-3869,sowen@trevino.com
583,Joel,Dominguez,(451)052-5898,crawfordmichele@schwartz-diaz.com
584,Michele,Murray,618.000.2433x940,ambertaylor@hotmail.com
585,Megan,Pena,477.333.8765x7304,uward@short-reed.net
586,Nicole,Johnson,8614549174,hsmith@nelson.com
587,Martha,Dickerson,872-048-1999,jaimethornton@hotmail.com
588,John,Alexander,659-431-0388,lburns@ward.com
589,Elizabeth,Mayo,6362852145,duranalexandria@cabrera.com
590,Lori,Herrera,524.842.1055,sullivandavid@gmail.com
591,Drew,Lee,001-460-470-8753x98560,braunmichelle@franklin-kennedy.biz
592,Jaclyn,Peterson,+1-925-687-4105x84548,turnervirginia@yahoo.com
593,Donald,Hensley,838.369.4852,pamelakaufman@graves.org
594,Lydia,Hays,+1-606-881-9508,james31@yahoo.com
595,Christopher,Jennings,001-637-091-1364x9544,christinahernandez@gmail.com
596,Sarah,Michael,713.826.3512x340,valdezmichael@kennedy.net
597,Ruth,Hayes,001-637-959-7475x402,vball@stewart.biz
598,Michael,Espinoza,806-074-3849x73183,alex01@grant-johnson.info
599,John,Clark,8013798815,vanessapeters@gmail.com
600,Bryan,Ford,489-811-0230x878,barrynatalie@yahoo.com
601,Nancy,Higgins,+1-064-900-9112,odonnellkevin@clark.biz
602,James,Romero,(670)667-4811x1313,brianramos@jackson.org
603,Keith,Sims,+1-960-542-9661x0439,nbrown@griffin-taylor.com
604,Joseph,Hodge,(639)757-5082x309,hdorsey@yahoo.com
605,Matthew,Stewart,320.849.9837x05015,davidhurst@yahoo.com
606,Hannah,Grant,(430)365-0063x158,bergmichelle@mayer-owen.com
607,Larry,Wiley,571-639-7767x417,gabriellamiller@gmail.com
608,Tyler,Smith,654.655.2769,kristen83@donovan.biz
609,Meghan,Stevens,259-725-8311x86644,maynardjoanne@lane.org
610,Renee,Doyle,047.098.6323x8898,christopherfisher@wilson-carter.info
611,Ashley,Alvarado,(202)963-3845,qhernandez@hotmail.com
612,Alan,Reese,(430)915-0228,afischer@beck-contreras.info
613,Andrea,Rodriguez,(427)841-3184,jameswalker@gardner.com
614,Raymond,Montgomery,+1-845-315-9485x72219,crogers@hotmail.com
615,Chloe,Flowers,(483)475-6149x7835,rebecca22@williams-wright.org
616,Rhonda,Banks,5921562407,dsalinas@yahoo.com
617,John,Molina,001-983-800-2086x526,wbrown@collier.biz
618,David,Robertson,001-005-615-3236x0207,pughcollin@hampton.org
619,Larry,Bruce,583.266.2532,michaelwilson@hotmail.com
620,Michael,Hays,001-243-784-9597,lisajefferson@jensen-smith.com
621,Brett,Howard,4837697289,prattbrian@hotmail.com
622,George,Ayala,(328)638-1524x377,christopher64@reynolds.com
623,Ryan,Arnold,001-645-653-0059x2005,mayjason@johnson.com
624,John,Foster,290-169-4024,tuckeredward@gmail.com
625,Tina,Bowen,057.404.6224x54988,kimberlyyoung@nelson.org
626,Karen,Galloway,128.066.2364x504,karen43@dean-zhang.com
627,Sean,Griffin,(512)666-6644,omoore@weeks.org
628,Carol,Joseph,887-606-7324x70356,angela24@garcia-bryant.com
629,Benjamin,Sanchez,(895)010-6910,simpsonbrian@gmail.com
630,Kelly,Blair,001-896-803-0088x79759,willisannette@gmail.com
631,Lauren,Fry,3006893390,hcabrera@atkins.com
632,Benjamin,Ramirez,(173)494-1254,jennifer20@love.com
633,Bryan,Luna,871-434-4157x6566,mccarthyjacob@hotmail.com
634,Robert,Cooper,917.217.6904,patrick04@hotmail.com
635,Carla,Fox,154-595-1235,douglas15@haynes-jefferson.net
636,Bob,Clark,574.894.0636x6808,lmorris@trevino.com
637,John,Benitez,8356784583,michaelpruitt@brown-hall.com
638,Sara,Wilson,(666)016-5734x5068,clarksavannah@hotmail.com
639,Matthew,Allen,5012256846,tricia01@keller.com
640,Luis,Sanford,(773)285-7624,druiz@murillo-jones.com
641,Brittany,Everett,410.583.7368x9422,gbowman@yahoo.com
642,Mary,Burke,(299)863-7197x54793,wilsonseth@hotmail.com
643,Tammy,Williams,+1-602-868-8608x7348,nturner@yahoo.com
644,Bailey,Baird,(412)426-5216x427,salinasterri@gmail.com
645,Lauren,Levine,603.595.9607x8261,katherinerodriguez@gmail.com
646,Kathy,Duncan,+1-439-254-4179x792,garciavanessa@hotmail.com
647,Jacob,Mitchell,001-479-099-1650x17800,parkercaleb@morales.net
648,Marco,Espinoza,4280436522,pbecker@smith.com
649,Louis,Riley,253.587.0422x1070,frederickgreg@shaffer-tucker.com
650,Katelyn,Herrera,(641)853-6628x5522,virginia85@wilson.com
651,Shannon,Williams,001-900-138-6835,leebrianna@yahoo.com
652,Nancy,Jones,667.155.8533x7744,autumnsmith@joseph.com
653,Stephen,Hernandez,945.458.9212,steven50@yahoo.com
654,Cynthia,Barr,+1-339-579-8324x9870,patricia27@hotmail.com
655,Vanessa,Mcgee,001-133-345-9565x52815,thomas12@skinner-robinson.info
656,Michael,Rodriguez,001-492-084-1289,fowlersharon@hotmail.com
657,Cassidy,Elliott,1895496260,michael58@zimmerman-clay.org
658,Todd,Perez,302-935-3307,arthurturner@hernandez.org
659,Tammy,Bailey,007-788-5851x2822,edward99@flowers-bray.com
660,James,Carroll,440-855-5033,williamwhitehead@bowers.com
661,Christopher,Erickson,447-447-8711x2240,alexanderanderson@gmail.com
662,Robert,Mendoza,755.269.3075,monique68@hotmail.com
663,Jessica,Rodriguez,331-757-8235x030,jennifer85@gmail.com
664,Benjamin,Morris,976.408.8883,qwilson@yahoo.com
665,Cory,Kelley,(030)983-1935x17897,harristimothy@yahoo.com
666,Andrew,Scott,+1-605-780-2268x8521,hallderek@hotmail.com
667,Bradley,Patton,+1-794-334-1608,jeffreybrown@johnson-williams.net
668,Cheryl,Smith,219-634-2939x6942,katie75@rosario-gonzalez.org
669,James,Singleton,573.686.4267x74720,philipperez@yahoo.com
670,Laura,Higgins,0255909233,jjenkins@yahoo.com
671,Kelsey,Joseph,726-362-9139,heatherjimenez@bradley.biz
672,Jasmine,Little,+1-243-743-9143x996,traci09@yahoo.com
673,Karen,Silva,+1-151-408-5869x595,christopherruiz@johnson.info
674,Holly,Rodriguez,641.399.9548,ronaldturner@gmail.com
675,Jennifer,Tucker,567-116-3609,blakegarcia@robertson-jones.com
676,Andrea,Cooper,3180790445,gail07@hotmail.com
677,Aaron,Frazier,(144)742-0212x77846,ggordon@williams.com
678,Raymond,Pacheco,657.213.9237x0296,bakerbarbara@gmail.com
679,Timothy,Wilson,+1-794-789-9400x9726,patriciapeters@gallegos.com
680,Marisa,Ross,(175)175-2269,lauragrant@yahoo.com
681,Kristen,Jackson,6261078998,williamsraymond@gmail.com
682,Nancy,Bartlett,515.579.2699,richardhicks@gmail.com
683,Nicole,Green,956.496.6268x73400,pricejasmine@yahoo.com
684,Anthony,Simpson,(948)249-8038,fespinoza@ramos.com
685,Kristine,Gomez,180.273.4968x74422,kirwin@hotmail.com
686,Michael,Thompson,(787)478-3415,hpeterson@greer.com
687,Michael,Fields,+1-421-651-5498x77695,psmith@hotmail.com
688,Christopher,Anderson,001-733-325-3721x77344,qvillarreal@yahoo.com
689,Matthew,Glenn,000.649.9790x860,rita71@haney.biz
690,Monica,Hawkins,520.308.8178x62941,alexandra37@aguilar.net
691,Chad,Hansen,026.755.3991x090,qcunningham@gmail.com
692,Michael,Gomez,466-993-1811x0177,noahgarcia@butler.com
693,Kristopher,Brown,3871674816,jonathan29@yahoo.com
694,Adam,Todd,855-181-4634,richardsmegan@leon.com
695,Susan,Brown,340-180-1995x283,millerluis@yahoo.com
696,Daniel,Davis,120.303.1460,wherman@hotmail.com
697,Sarah,Lam,880-606-2489,kelly45@allen.org
698,Trevor,Turner,477-388-8423x7510,travis37@hotmail.com
699,Christina,Gonzalez,001-371-876-1367,abbottmatthew@gmail.com
700,Ronnie,James,509.009.4181x7831,anthonydavis@yahoo.com
701,Eric,Nguyen,001-813-407-8582,jesseshort@sutton.com
702,Melissa,Oneal,+1-560-674-2430x3593,robertvasquez@gonzalez.org
703,Susan,Rogers,5027751868,antonio36@williams.com
704,Jennifer,Roberts,472-323-7642x2023,aprilwright@gmail.com
705,Patrick,Ashley,+1-334-216-2852x800,erivera@hotmail.com
706,George,Dickerson,+1-714-663-9666x79175,brenda38@booth.com
707,Joseph,Wheeler,036-560-9673x78810,jeffreymoore@gmail.com
708,Traci,Harper,+1-664-206-4004x026,rmartin@gallagher-hernandez.com
709,Eric,Dixon,520-257-0170,fmiller@nelson-fox.com
710,Shane,Marshall,444-210-7255,kimberlyhart@hotmail.com
711,Jean,Moore,(168)066-9415,plee@gmail.com
712,Troy,Hill,126.193.6230,dzavala@jones-warner.com
713,Stacey,Baker,(754)521-2084x254,gracecolon@smith-adams.org
714,John,Mcdonald,182.029.7021x5616,gmiller@yahoo.com
715,Patrick,Jones,442-405-2795x211,xthomas@thompson.org
716,Thomas,Ward,(203)461-3703x6465,vgutierrez@harris.biz
717,Kathryn,Phillips,(529)835-4841x9476,austinking@king.org
718,Jon,Jones,(029)736-0956,cynthia76@johnson.com
719,Jay,Cruz,797.001.6677,murilloanthony@gmail.com
720,Maria,Larson,943.370.6395x67334,caseyjessica@hotmail.com
721,Allison,Edwards,129-076-9023x5981,anguyen@middleton.com
722,Nicholas,Bryant,980-130-8698,kleindavid@hotmail.com
723,Gregory,Mcdonald,939.891.5380x391,toddcarroll@gmail.com
724,Nicole,Kelly,674.078.6110,mlawrence@turner.com
725,Michael,Lopez,768-268-2808x66433,wgibbs@gmail.com
726,Cheryl,Cooke,773-077-4783x444,carolyndaniels@thomas.com
727,Susan,David,5167454118,matthew62@novak-ward.net
728,Whitney,Martinez,(100)359-2009x441,barbararogers@lopez-reyes.info
729,Mackenzie,Gamble,032-729-9075,timothy00@clark.org
730,Sarah,Carey,8591154994,jane59@miller-crawford.com
731,Bethany,Wise,864-310-6044x852,michael94@gmail.com
732,Erik,Baker,111-466-7032x71541,nford@yahoo.com
733,Justin,Hansen,(665)876-2863x71611,rgaines@lopez-robertson.com
734,William,Woods,9271051802,gardnercharles@yahoo.com
735,Kristen,Burnett,5533806567,cookjennifer@serrano-hall.biz
736,Joshua,Gray,+1-729-704-6909,stephenevans@dunn.biz
737,Michael,Arellano,202.125.9596x6028,theresachang@hotmail.com
738,Thomas,Lynn,616.695.4707x283,ocox@hotmail.com
739,Jonathan,Parker,120-874-5333x09612,lopezjake@hotmail.com
740,Shawn,Keith,567-917-2835x6368,lperry@hotmail.com
741,Tara,Holt,462.101.9369x40040,jessica30@monroe.biz
742,Cameron,Hoffman,444-977-1007,roberthall@mckenzie.net
743,Holly,Williams,002.550.8452x267,ocowan@navarro.com
744,Lauren,Garcia,6725351689,jhawkins@alexander.com
745,Cody,Aguilar,(126)747-0169x2276,allisonalvarado@baker-robinson.com
746,Vincent,Smith,912.576.0873,rushjoseph@gmail.com
747,Monica,Ortiz,475-090-2345,ile@hotmail.com
748,Joshua,Cooper,6982353755,garciaanthony@ingram-williams.org
749,Adam,Bird,829-802-4299,thompsontroy@lopez.org
750,Michael,Burnett,001-372-916-4550,deanna86@allen-perez.com
751,Deborah,Gibson,8887651739,timothy21@yahoo.com
752,Jennifer,Coleman,865-361-2727,jennifer52@evans-young.info
753,Christina,Collins,0913615352,hoffmanrobert@curtis.com
754,Eric,Allen,+1-860-516-6218,fprice@yahoo.com
755,William,Decker,135-447-7562,jonathanthompson@yahoo.com
756,Holly,Ramirez,089-958-5726x16657,tony11@jackson-cooper.info
757,Guy,Robertson,+1-885-875-9407x26096,pamelagross@richmond.biz
758,Dawn,Russo,+1-905-789-2936x12388,timothywise@collier.net
759,Debbie,Stephens,177.211.0536x88176,darren65@stevens.com
760,Michael,Anderson,(606)817-3048x808,deanlong@hotmail.com
761,Susan,Jones,(388)603-5490x3350,briggsalexis@yahoo.com
762,Michael,Michael,+1-658-529-2575x9799,erikrice@hotmail.com
763,Ashley,Lindsey,0681541871,sheilapeterson@gmail.com
764,Gloria,Aguilar,001-319-021-2584x98366,kevin20@gallagher.info
765,Joseph,Anderson,+1-966-296-9643,sheryl39@patton.com
766,Lisa,Mullins,(570)115-1212x7908,michaelramos@shelton.org
767,Craig,Moreno,2703655080,stephenruiz@gmail.com
768,David,Reyes,+1-805-840-5402x46442,dixonmichael@gmail.com
769,Dorothy,Ruiz,+1-832-079-8534x085,millsjoseph@kaufman.com
770,Anna,Holmes,290-022-2450x1941,isaac89@gmail.com
771,Mary,Christian,5808440399,bradleyanderson@hotmail.com
772,Justin,Wright,493.314.8465,brucelacey@parker.net
773,Rachel,Jensen,9002184668,carmenjones@gmail.com
774,Carolyn,Rosario,+1-229-261-5471x32661,williamsjames@anderson.org
775,Anthony,Barnes,798.767.9209x815,phillipschristian@brown-hebert.com
776,Hunter,Klein,797-607-1152x941,jpotts@ruiz.info
777,John,Diaz,718.145.5354,mollycook@yahoo.com
778,Eddie,Lee,(109)649-5478x6376,nrobinson@hotmail.com
779,Michael,Adams,175.782.9109x345,sean78@rose.com
780,Rebecca,Adams,+1-467-191-5437x14820,clarencethompson@yahoo.com
781,Christopher,Pacheco,(173)232-5041x30128,raydonna@yahoo.com
782,Madison,Beltran,+1-209-439-8449x987,justin55@gmail.com
783,Willie,Beck,819.525.6690x866,mitchelldaniel@vasquez.org
784,Donna,Raymond,+1-704-174-8786x8943,darin91@gmail.com
785,Stacey,Greer,+1-335-132-0968,nicolemurillo@gmail.com
786,Kimberly,Obrien,+1-157-846-5995x8415,nmartinez@gmail.com
787,Kathleen,Hernandez,292.653.7859,caitlin02@palmer.com
788,Alexander,Ramos,5228743238,kathleenlambert@garcia.org
789,Virginia,Nguyen,(160)473-4976,krystalcooke@gmail.com
790,Maria,Hamilton,737-773-3872x6785,taylor79@gmail.com
791,Luis,Richmond,+1-921-833-8314x22077,millerjacqueline@gmail.com
792,Brian,Bates,945.193.1151x17812,daviddavis@prince.org
793,Oscar,Vargas,681-735-1945x756,whitetyler@chapman-oneill.com
794,Thomas,Williams,098.206.4961x5438,melissalee@gmail.com
795,Randy,Diaz,+1-111-215-8063x279,sullivanjoseph@hernandez.net
796,Gina,Hall,332.100.2792x026,jenniferdouglas@hotmail.com
797,Rebecca,Myers,(093)940-4290,gloverjustin@yahoo.com
798,Jessica,Vasquez,178-909-6576x254,tmorris@davis.biz
799,Kenneth,Hernandez,782-284-6680x8971,fsummers@deleon.biz
800,Barbara,Moore,573.557.0586,ioliver@yahoo.com
801,Elizabeth,Turner,001-186-377-4128x68168,joseph26@yahoo.com
802,Melissa,Mitchell,001-807-875-2430x80158,kristinajones@yahoo.com
803,Mackenzie,Scott,(640)365-0474x36456,whitedestiny@orr.com
804,Anthony,Harrell,299-918-2586x2101,amy52@hotmail.com
805,Carrie,Kelly,356-480-9056,adam29@case-lamb.com
806,Melinda,Barber,+1-303-618-1535x319,kelly42@yahoo.com
807,Natalie,Boyle,157-982-8895,michaelellis@murray.com
808,Claudia,Kelly,125-257-2463,khall@horn.com
809,Jill,Rogers,609-577-8221x3167,mwilliams@reynolds.com
810,Travis,Richardson,(170)446-8434,barry92@hotmail.com
811,Carolyn,Becker,883.157.9988x1795,scottwilson@yahoo.com
812,Shane,King,(829)812-9081x688,victor12@gmail.com
813,Tyler,Schneider,(754)264-5079x072,douglasmccarthy@jennings.com
814,Crystal,Harvey,803.162.8640,merrittjesus@gmail.com
815,Christopher,Green,+1-530-231-9588x92429,perezrobin@thompson.com
816,Nancy,Moore,466-379-7624x80614,sandraford@yahoo.com
817,Lauren,Santiago,001-474-915-7619,thomas17@gmail.com
818,Laura,Carr,143.790.3100,vanessa12@yahoo.com
819,Kristin,George,(798)720-3847,paul77@yahoo.com
820,Laura,Allen,+1-049-063-7495,tonisandoval@lee.com
821,William,Patterson,+1-909-860-0854,lisarodriguez@gmail.com
822,Jeremy,Hughes,4357266177,smithcody@gmail.com
823,Melinda,Davenport,564.743.2133,ogray@moran.com
824,Carlos,Edwards,001-561-933-9125x82668,porterholly@edwards.com
825,Damon,Wilcox,965-787-3139,zsmith@johnson.biz
826,Jeanne,Townsend,(774)993-7645,franklinharry@dawson.com
827,Dominic,Glass,547-612-2284x1841,alexandrialucas@yahoo.com
828,Jennifer,Holden,9934762930,kcampbell@solomon-evans.com
829,Carly,Bernard,+1-065-220-4113x6732,cynthiapetty@jones.biz
830,Sharon,Carter,(890)705-9643,patrickjackson@moore.com
831,Maria,Porter,009.599.6151x54728,collinchandler@brown-carroll.com
832,Steven,Mitchell,(970)162-8620x506,kennedypeter@yahoo.com
833,Charles,Nichols,+1-708-673-3930,austintina@hotmail.com
834,Maureen,Martinez,+1-401-017-2558,jamiebryant@yahoo.com
835,Aaron,Chase,001-842-541-7005,lhayes@hotmail.com
836,Dennis,King,3520676309,fmurray@smith.com
837,Brenda,Miller,4117680635,deanjones@gardner.com
838,Brian,Estrada,+1-433-716-9759x7243,clayrichard@sanchez-lee.com
839,Mathew,Williams,001-511-415-0607x426,bakerrebecca@young.biz
840,Cynthia,Orr,+1-248-077-8698x4145,aprilreyes@gmail.com
841,Ebony,Stein,700-992-8509x75653,sanchezkevin@gmail.com
842,Maurice,Silva,+1-731-422-9825x2647,dawnbryan@hotmail.com
843,Ashley,Miller,(175)027-6268x322,rivaskimberly@flores.com
844,Kimberly,Mcdonald,001-652-477-7608x08701,elizabethblevins@esparza-reyes.com
845,Stephanie,Thompson,232-625-9243,anna06@hotmail.com
846,Jennifer,Bush,001-732-548-1188x735,asmith@thompson-parks.com
847,Priscilla,Evans,663.984.2229,hutchinsonvictoria@martinez.org
848,Maria,King,001-279-210-0827x47062,mcguiremichael@sanchez.com
849,David,Mccormick,375.799.0547x25418,charles05@gmail.com
850,Shannon,Hayes,001-937-877-9324x90663,ashley15@gmail.com
851,Bobby,Leon,(735)782-0766x151,melanie68@shannon-hill.com
852,Jody,Baker,001-937-451-1544,allisonpage@brown.com
853,Alyssa,Mendoza,785-555-8820x63600,omiller@stewart.com
854,Amanda,Perry,+1-264-930-3159x591,evansjared@reed.info
855,Emily,Stokes,676-540-1134x655,ejackson@gmail.com
856,Jennifer,Hall,001-298-239-4928x794,derrickvelez@gmail.com
857,Deborah,Villarreal,001-552-803-5930x351,zjohnson@white.com
858,Laura,Gill,791-135-2115x232,jerrygarcia@smith.com
859,Daniel,Garcia,4078107435,ogray@yahoo.com
860,Karen,Hansen,417.383.9231x2102,derrickanderson@hotmail.com
861,Michael,Martinez,308.098.3532x1271,john70@hotmail.com
862,Joshua,Jacobs,(041)312-8565,christopherellison@hotmail.com
863,Douglas,Williams,(794)456-4698,stephen27@gmail.com
864,Mary,Buckley,001-556-132-2529x797,katherine48@salinas-smith.com
865,Brandon,Beck,646.574.5381,edwardhudson@baxter.biz
866,Rodney,Bryant,087-748-0237,morganjoshua@gmail.com
867,Monica,Miller,+1-224-233-4210x74065,linda71@allison.com
868,Marc,Bennett,327.132.7849x713,whiterobin@gmail.com
869,Teresa,Barber,(815)889-9050,paul23@hooper.com
870,Brittany,Scott,788-960-7011,egray@hotmail.com
871,Morgan,Chan,+1-550-864-5340x40257,tanyabishop@mitchell.biz
872,Andrew,Gray,001-930-718-2617x44807,qpeterson@gmail.com
873,Caitlin,Anderson,721-371-8110,hinesgregory@morales.com
874,William,Simmons,(115)808-1980,andrew72@hotmail.com
875,Judy,Burch,632.864.8439,ghodges@gmail.com
876,Nicholas,Scott,071.496.9959x0530,matthewbryant@hotmail.com
877,Christina,Hawkins,+1-532-566-8713x980,wadejuan@stein-golden.com
878,Bryan,Smith,198-106-5766,hayden87@moore-thompson.org
879,Susan,Pratt,(391)742-9939x08701,christine86@brooks.com
880,Sheila,Sanchez,001-012-781-5595x0979,xromero@yahoo.com
881,Steven,Owens,(981)416-1340,taylor43@baker.info
882,Megan,Sanders,364.428.5385,dfrancis@lowe.com
883,Robin,Campbell,+1-026-864-7280x345,heather29@hotmail.com
884,Lisa,Wilson,+1-785-764-0711x808,jpatel@hodges.com
885,Carl,King,9550504149,doylecalvin@yahoo.com
886,Teresa,Wells,551.821.7078x561,donald21@taylor-allen.com
887,Danielle,Zimmerman,001-496-632-0121x2680,michellewilliams@gmail.com
888,Brent,Bryant,001-938-172-1771x560,toddwilliams@cruz-larsen.com
889,Amanda,Nguyen,(212)458-6452x5046,ogrimes@sexton.com
890,Alyssa,Rowe,001-547-590-3064x272,xsmith@gmail.com
891,Kelly,Francis,908-859-7137,brian73@gmail.com
892,Michael,Diaz,987.967.3519x8723,qharris@cook-singh.biz
893,Amanda,Johnson,+1-487-598-4478x9612,zparks@gmail.com
894,Hunter,Moss,939.862.3074,diana19@yahoo.com
895,Anthony,Moore,001-968-583-1942,allisonronald@stafford.com
896,Patrick,Summers,2945236226,colleen19@fitzgerald.info
897,Ana,Lee,031.162.6772x05049,jacksonsarah@baker.info
898,Adrian,Johnson,001-544-439-7713x032,moorerebecca@lyons.net
899,Steven,Williams,954.624.2840,sallison@hotmail.com
900,Devon,Kim,(020)226-6860x659,william61@yahoo.com
901,Courtney,Evans,+1-613-790-9742x47663,meganwalker@cox-snyder.com
902,Austin,Morton,001-356-776-1278x815,renee00@hotmail.com
903,Robert,Williams,589-615-1727x9375,matthewreed@gmail.com
904,Pamela,Carter,992-469-8422x6668,kpena@yahoo.com
905,Clifford,Meyers,(919)959-2587x4059,lgarrett@hotmail.com
906,Jose,Jackson,338-695-2562,amyschwartz@hotmail.com
907,Nicole,Montgomery,001-639-514-2842x7683,vhenderson@hotmail.com
908,Amanda,Smith,817-482-7132,carol16@rivers.com
909,Samuel,Gray,(403)331-2819x017,cookrobin@chaney-brown.com
910,Samantha,Walker,121.026.2307x70958,fhart@gmail.com
911,Lisa,Byrd,844.644.7223,nglenn@duncan-henderson.com
912,Scott,Adkins,077.573.9945x37974,lewisshannon@gmail.com
913,Matthew,Massey,(579)683-3531x98784,johnclark@hotmail.com
914,Megan,Lynch,331-200-6181x0955,philip76@meyer.info
915,Briana,Pace,780.771.2770,jsmith@gentry.com
916,Cody,Blankenship,580.276.9915x556,brandon51@acevedo.com
917,Joseph,Barnett,430.936.9475,megan69@hotmail.com
918,George,Bowen,587-070-8288,johnsonmichael@gmail.com
919,Norma,Gutierrez,+1-692-165-8317,james75@hotmail.com
920,Robin,Carpenter,(478)016-3672,baileyjanet@king-jones.com
921,Nicole,Lynch,840-388-7494x412,stephanie47@gmail.com
922,Anthony,Hopkins,+1-287-038-7713x144,aadams@gmail.com
923,Andrew,Turner,841.040.4499,dlong@gordon-huynh.com
924,Rachel,Thompson,465-566-8037,smithbryan@gmail.com
925,Brenda,Taylor,+1-369-500-8245x269,ginafaulkner@marshall.biz
926,Julie,Key,569-512-6331x7719,lisavillanueva@espinoza.com
927,Danny,Ball,001-479-489-9336x7496,pwilliams@gmail.com
928,Juan,Foster,+1-395-803-3954x89272,tthompson@zamora-lynch.com
929,Drew,Ferguson,3598441455,annebrown@johnson-boyle.com
930,Courtney,Dickerson,001-427-9021,wschultz@stevenson-wong.com
931,David,Harrison,+1-314-102-4106x955,troy12@gmail.com
932,Sean,Rivera,+1-624-560-6241x94122,whitejohn@jackson.com
933,Sandra,Blair,001-151-557-7081x446,beth42@smith-fields.org
934,Gregory,Nguyen,(524)865-1657x3291,bscott@yahoo.com
935,Amanda,Mcguire,001-951-226-0629,harristimothy@yang-humphrey.com
936,Emily,Dennis,+1-718-544-8262x830,braunjennifer@yahoo.com
937,Stephanie,Scott,696-987-0047x3828,brandonhall@andersen-castro.net
938,Jeffery,Rodriguez,+1-731-281-2614,rhondaperry@garcia.com
939,Frederick,Taylor,+1-227-345-6249x1114,robinsontravis@fernandez.org
940,Taylor,Lozano,+1-384-220-1394,ucruz@gmail.com
941,Kristin,Cox,671.053.5958x800,joseph01@richardson.com
942,Ryan,Larsen,429.711.7199,brian01@gmail.com
943,Ernest,Hogan,(985)715-9626,jameswood@hotmail.com
944,Benjamin,Ferguson,6758050369,charlescollins@terry.com
945,Richard,Ochoa,098-327-3480x40842,travismeyers@gmail.com
946,David,Wheeler,+1-102-891-2137x2171,moorejeremy@hotmail.com
947,Robert,Jacobson,062-950-8083x5869,cobblatoya@gmail.com
948,Richard,Miller,1917777108,whitelinda@sullivan.com
949,Matthew,Lam,0609622273,darren43@gmail.com
950,Jacob,Chandler,+1-757-921-9061,fisherpeter@nelson.com
951,Adam,Smith,689-259-1194,russellanderson@gmail.com
952,Stacy,Henderson,730-079-6576x99159,zlowe@armstrong.org
953,William,Diaz,254.752.0156,qgillespie@cannon.biz
954,Kyle,Ward,(431)373-6605x164,dannytaylor@hotmail.com
955,Kimberly,Bautista,+1-677-404-6217x68636,fwhite@ferguson.info
956,Robert,Martin,+1-337-996-5773x531,barbarabrown@hotmail.com
957,Joel,Smith,001-333-447-6373,ryanrose@yahoo.com
958,Adam,Whitney,028.211.9343x11477,josephhuynh@hotmail.com
959,Jessica,Arias,+1-751-234-6382x71063,michael57@fox.com
960,Mary,Powell,529-398-2362x14235,julie25@hampton.net
961,Brandi,Watson,(958)832-7239x536,upayne@gomez-lara.com
962,Jamie,Evans,220.632.1901x826,combschristina@gmail.com
963,Matthew,Harris,001-496-279-9681x88952,alecgriffin@gmail.com
964,Andrew,Watson,9325645782,zmartinez@valencia-carrillo.com
965,Patrick,Mann,9596243202,christine63@alexander.com
966,Matthew,Williams,330-168-3074x16112,ellisrobert@yahoo.com
967,Emily,Pierce,(170)576-3184,larrywebb@mills.com
968,Scott,Morales,428-968-2174,amandagonzalez@gmail.com
969,Linda,Brown,001-460-484-7435x9785,ikelley@gmail.com
970,Susan,Benson,(186)471-6116,denise34@allen.org
971,Hannah,Ortiz,4210267459,doughertystephanie@yahoo.com
972,Andrea,Lopez,535.018.7131x7070,blevinswayne@yahoo.com
973,James,Andrade,001-718-688-5722,robertsmichelle@edwards.com
974,Jon,Mckay,200-027-5320x4940,reyesanthony@walsh.org
975,Erik,Smith,(435)430-1410x301,christopherholt@joyce-weber.net
976,Jason,Johnson,749.176.0862x88633,alexandrabutler@johnson.com
977,Thomas,Hill,631.811.8228x4644,sherriglenn@yahoo.com
978,Lisa,Nichols,001-758-667-4280,taramerritt@gmail.com
979,Keith,Valenzuela,001-860-877-0940,awilson@gmail.com
980,Deborah,Bolton,512.822.7409,kimberly50@yahoo.com
981,Justin,Drake,693-235-1759x43194,iroach@smith.org
982,Donna,Thompson,872.471.7754,staceylewis@patrick.com
983,Peter,Arias,8106055376,alisha24@yahoo.com
984,Shannon,Moon,641.252.1104x97806,awilson@yahoo.com
985,Angela,Rios,+1-761-966-0883,joelgreene@gutierrez.com
986,Jacob,Lara,980-065-3925,bsmith@yahoo.com
987,John,Lindsey,001-941-944-3244x62708,savannah82@yahoo.com
988,Krystal,Mcconnell,(283)501-1315,teresa46@hotmail.com
989,Kimberly,Moore,117.105.0389x20955,debbie57@stevens-newman.com
990,Shannon,Garcia,279-632-9968x518,amber98@hotmail.com
991,Brittany,Gordon,286.825.1848x8336,philipcampbell@reese.org
992,Randall,Martin,(209)827-0676x6255,denise65@hotmail.com
993,Sergio,Austin,001-230-443-2846x6841,dhouston@black.com
994,Jeffrey,Dalton,953.679.1678x183,valerie50@guzman.com
995,Aaron,Williams,001-654-945-1596x628,fhayes@stephenson.com
996,Victor,Guerra,971-128-7322x3914,kayla76@yahoo.com
997,Anthony,Bradley,(879)559-1203x161,tony92@yahoo.com
998,Jacob,Romero,3829863968,jcobb@yahoo.com
999,Cheryl,Hughes,240-173-1813x324,stephanielopez@yahoo.com
1000,Marissa,Byrd,001-940-297-9285,julieewing@hotmail.com
1001,Michael,Saunders,(964)205-1571x639,jblackburn@gmail.com
1002,Jenny,Roberts,117-680-9367,caitlin87@myers.org
1003,Lisa,Dixon,(364)475-8129,rodney72@hotmail.com
1004,Felicia,Novak,112-302-9443x0164,ewarren@gmail.com
1005,Heidi,Hobbs,6493571658,carolyn74@hill.net
1006,Christopher,Boone,+1-842-381-3330x495,rburgess@morales.net
1007,Jesus,Lowe,(387)599-1243x56911,watkinsdawn@mccullough.com
1008,Luis,Terry,(412)576-6081,phammichelle@kemp.biz
1009,Megan,Gomez,001-458-914-0416x3585,laralisa@gmail.com
1010,Herbert,Mueller,217-680-8837x77591,patrick62@hoover-morgan.com
1011,David,Torres,001-524-371-6187x3586,jason17@yahoo.com
1012,Valerie,Brown,0433929723,benjamin69@long.com
1013,Jacqueline,Cook,976.684.6139,beckyarias@brown-barnett.org
1014,Jared,Hall,326-025-4038,laurie31@wood.com
1015,Carla,Douglas,001-572-646-9751x543,scott61@hotmail.com
1016,Patricia,Valdez,(633)674-2050,ijohnson@larson.com
1017,Marissa,Wade,+1-380-435-0097,ian71@lopez.org
1018,Stacy,Valentine,+1-412-412-8601,jameswatts@gmail.com
1019,James,Cooper,5526038729,haroldcooper@martin.com
1020,Courtney,Robinson,2330008761,jamesandersen@curry-smith.biz
1021,Charles,Garcia,+1-748-093-3531x410,ronnie37@hotmail.com
1022,Melissa,Thomas,734-815-1714x157,ashley92@woodard.info
1023,Brent,Garrett,(199)468-8343,patrickcharles@gmail.com
1024,Christopher,Anderson,(204)440-2440x3259,andrew85@ward.com
1025,Heather,Silva,115-114-2141x309,luis06@willis-nguyen.com
1026,William,Robinson,5213735941,ramosjulie@yahoo.com
1027,Scott,Ortiz,+1-928-545-7352x63487,russelljennifer@walker.info
1028,John,Martinez,(422)947-7750x520,msantana@gutierrez-hull.com
1029,Justin,Torres,+1-658-081-0899x394,ashleyharris@johnson-brewer.com
1030,Matthew,Schmidt,411.416.6972x4414,markrose@smith-parker.info
1031,Jessica,Shaw,+1-532-593-2759,ritabenson@yahoo.com
1032,Heather,Dixon,4871397153,williammiller@adams-hunter.org
1033,Kimberly,Morales,215-284-2004,rtapia@hotmail.com
1034,Miranda,Gomez,300-697-6188x853,floreslisa@haynes-miller.com
1035,Kendra,Smith,001-749-037-2424,chadmartinez@hotmail.com
1036,Erin,Wade,456.476.4756x943,hudsonkatherine@ramirez.com
1037,Jacob,Brown,152.083.8294x533,scottrichmond@brown.net
1038,Matthew,Rodriguez,+1-705-583-8487x29096,jennifermcgee@hotmail.com
1039,Alexandra,Bautista,379-965-3739,usanford@gmail.com
1040,Cameron,Gonzalez,(211)052-1779,rdodson@ferrell.biz
1041,Helen,Ingram,524.417.4234x8171,gabriel11@knight.com
1042,Julia,Lamb,4235867247,bgomez@clarke.com
1043,Katie,Hogan,(497)283-9420,angelaking@thomas-hodge.com
1044,Michael,Obrien,8554309629,sheenareeves@hotmail.com
1045,Amber,Green,+1-385-570-3960x13154,michael39@hotmail.com
1046,Matthew,Smith,(092)265-4045x182,marshalljennifer@roberts-dalton.net
1047,Raymond,Avila,663-987-3743x7262,weberkara@yahoo.com
1048,Danielle,Jackson,(831)083-0923,vangcynthia@yahoo.com
1049,Steven,Grant,+1-228-268-7485x3526,joseph34@waters.com
1050,Michael,Heath,381-222-3367x02483,smithlinda@yahoo.com
1051,Kim,Robinson,751-605-5587x5973,christopherschneider@hotmail.com
1052,Veronica,Ortiz,(323)370-4920x02611,maddoxkatherine@morton.com
1053,Emily,Williams,001-153-411-6315x38661,shannonhuff@lutz.com
1054,Phillip,Harrison,524-599-3122x6833,ricardoharrison@scott.org
1055,David,Proctor,025.824.5279x5054,amandarobertson@gmail.com
1056,Lawrence,Stephenson,+1-574-439-0233x627,slee@yahoo.com
1057,Nancy,Martinez,9159922915,johnsontheresa@rodriguez-hensley.com
1058,Thomas,Castillo,(357)087-5774x00395,steven80@clark.com
1059,Caleb,Cole,001-428-376-4401,brian42@yahoo.com
1060,William,Bentley,(703)307-7955x5937,mariah98@taylor.com
1061,Rhonda,Robinson,232-056-0131x3801,hdaugherty@malone-evans.com
1062,Daniel,Moore,463.484.0236x491,paulhernandez@esparza-walker.com
1063,Corey,Willis,7145890987,brooksjennifer@allen.net
1064,Dana,Perez,001-395-097-6083,mwelch@osborn-dunlap.biz
1065,Connie,Gonzalez,103-464-7524x81377,austinwilliams@hotmail.com
1066,Michael,Bates,238.449.1339x1787,richard78@clark.org
1067,Jamie,Taylor,(839)458-7742x83519,nathan91@hotmail.com
1068,James,Cole,6704964630,steven13@yahoo.com
1069,Emily,Edwards,+1-994-771-4354x35075,reedrichard@cuevas-moore.com
1070,David,Miller,178-944-9632x0490,jkim@king-parker.org
1071,Andre,Martin,+1-644-853-4267x27907,ounderwood@hart.com
1072,Mackenzie,Trujillo,+1-266-941-6333x76519,ajohnson@bailey.biz
1073,Tammy,Knapp,001-495-471-3690x6445,operry@gmail.com
1074,Michael,Romero,270.581.7508x707,vegamonica@yahoo.com
1075,Kurt,Mcgee,0098067375,donaldhayes@baxter.com
1076,Valerie,Morris,+1-853-166-7584,smcconnell@hotmail.com
1077,Michael,Francis,(699)384-7975x6787,twilson@martin.biz
1078,Nicholas,Snyder,+1-100-677-2741x60342,nathaniel10@gmail.com
1079,Eric,Scott,+1-779-938-4908,richardsshannon@rogers.net
1080,Matthew,Hill,783-158-9722x593,gonzalezkimberly@hotmail.com
1081,Matthew,Decker,+1-559-255-1559x45144,kylemiller@hotmail.com
1082,Stefanie,Wilson,+1-544-768-2058x5016,stewartanita@yahoo.com
1083,Cameron,Holland,+1-204-647-4588,clarkmichael@dunn.com
1084,Patrick,Perkins,(762)954-0320x45938,ericbarr@gmail.com
1085,Samuel,Golden,139-962-5717,christopherbrown@washington.com
1086,Daniel,Lee,6240594120,victoriareeves@mcdonald-collins.com
1087,Jennifer,Mills,(343)073-6689x452,tracy64@gmail.com
1088,Amanda,Robinson,424.504.7927,jennifer63@key.com
1089,Maria,Doyle,(494)104-6023x188,jacqueline62@pratt.com
1090,Jennifer,Erickson,001-015-300-4520x4591,vcooke@hotmail.com
1091,Kevin,Ball,274.777.0116x2139,qturner@hotmail.com
1092,Madison,Schmidt,001-549-562-5249x63241,thomascrystal@yahoo.com
1093,Taylor,Lee,418.974.1532x802,vramirez@nguyen.net
1094,Jacqueline,Hill,594.397.6981x782,joshuadunn@yahoo.com
1095,Laura,Beck,(104)918-6575,james81@crawford.com
1096,Brandi,King,115-736-2702x068,gbrown@walls-travis.biz
1097,Mandy,Johnson,+1-286-158-7231x796,yodererika@combs.com
1098,Luke,Sandoval,001-949-761-8712,feliciamorton@hotmail.com
1099,Jacob,Hernandez,(289)768-1560x3290,jamesclay@yang.com
1100,Jerry,Mcmahon,(960)603-6248,samantha75@carpenter.com
1101,Lori,Bowers,910.962.3913x921,gcooper@yahoo.com
1102,Monica,Burke,280-405-7807x5933,baileykenneth@hotmail.com
1103,Melissa,Crawford,001-757-896-4920x10569,cheyenne59@yahoo.com
1104,Antonio,White,916-400-3779,patelstephanie@yahoo.com
1105,Scott,Singh,882.764.5973,linda07@giles.org
1106,Kristine,Brown,(646)245-0159x94454,sherrifisher@yahoo.com
1107,Kari,Callahan,(501)468-7451,gmyers@west-lopez.com
1108,Michelle,Evans,(983)222-8378,jasonberger@hotmail.com
1109,William,Alexander,001-286-878-9769x799,ecarlson@flores-johnson.com
1110,Edward,Carpenter,3536133000,nrojas@mendez-dominguez.com
1111,Omar,Wheeler,(846)259-5426,znguyen@yahoo.com
1112,Rebecca,Daniels,+1-985-128-7767x2395,mlevine@hotmail.com
1113,Scott,Kim,+1-441-748-3706x0861,scottyork@hotmail.com
1114,Dan,Fitzgerald,143-514-3990x5348,jonesrachel@yahoo.com
1115,Gregory,Simpson,001-755-318-1882,joesnyder@yahoo.com
1116,Jennifer,Bowen,001-337-379-5127,kdouglas@chan.com
1117,Jennifer,Padilla,+1-648-790-3981,lawrence63@perry.com
1118,Jimmy,Martinez,334.240.1292,rachel66@gmail.com
1119,Jamie,Tanner,(549)192-4672,dominguezrobert@kennedy-bradshaw.biz
1120,Travis,Carlson,(557)812-6306,linyolanda@parker-santos.com
1121,Ryan,Harris,643-925-1112,johnny79@gmail.com
1122,William,Mitchell,427.201.3263x45910,angelaweaver@gmail.com
1123,William,Price,001-627-362-3127x2951,joseph11@cabrera-benitez.com
1124,Bradley,Flores,(973)680-8859,gwoodard@gibson.biz
1125,Mark,Potter,001-223-249-5426,flowersshaun@yahoo.com
1126,Jacob,Bonilla,162.665.6565,christinehayden@mcdonald.com
1127,Michael,Boyd,8493057706,adriennehester@hines-sharp.org
1128,Toni,Fry,(954)555-3042,collinmoore@adams-perez.com
1129,Todd,Smith,001-323-161-9105,lwhite@gmail.com
1130,Derrick,Cochran,+1-222-583-6753,emilymora@singh-morrison.com
1131,Anthony,Garza,(916)507-8173,qkelly@hotmail.com
1132,Elizabeth,Roth,466.506.6059,misty23@hotmail.com
1133,Jerry,Hunter,691.281.2432x476,vguzman@young.biz
1134,Nathan,Garcia,0669647621,isaiahpeterson@norris-cruz.info
1135,Cassandra,Clark,568-401-3097,fbrown@yahoo.com
1136,Donna,Mccall,805-173-8847x2725,vgonzales@fernandez.com
1137,Robin,Mayer,264-374-1215x0652,tanya12@frazier.com
1138,Ralph,Walsh,6286102040,rsimpson@gmail.com
1139,Robert,Thompson,(632)265-1146x777,maysnatalie@gmail.com
1140,Christine,Snyder,475.724.4514x867,timothyadams@andrews.com
1141,Andrew,Marsh,+1-374-970-1312x023,henry30@yahoo.com
1142,Christopher,Spencer,001-749-152-4864,joseph97@gmail.com
1143,Kimberly,Wilson,182.263.3197,gparker@gmail.com
1144,Kevin,Quinn,637.477.7355,bergsherry@hotmail.com
1145,John,Lewis,132.842.5907x216,anthonyhicks@carlson.org
1146,Danny,Ramirez,(447)653-2618x3524,edwardsshannon@gmail.com
1147,Mark,Ortiz,639-636-3121x710,ronnie10@brown.info
1148,Kevin,Smith,001-773-778-4696x7973,bmartin@lindsey.com
1149,David,Wilson,(916)034-3739x4534,randy14@martinez.com
1150,Matthew,Riley,(079)612-3404x884,melissastout@yahoo.com
1151,Sandra,Lloyd,001-928-891-7451x9270,vincentromero@navarro-allen.com
1152,Nicole,Wilkinson,835-386-3673,meyerpatricia@yahoo.com
1153,Ryan,Dunn,001-126-599-6638x11005,jenny01@hotmail.com
1154,Erika,Schwartz,001-526-205-8324x9333,ashleygina@yahoo.com
1155,Jacob,Burns,751.764.8798,andrew68@thomas.com
1156,Jacob,Haley,001-665-530-7318,ramirezjulie@johnson-jones.com
1157,Christopher,Davis,257.277.1688x18063,uhenderson@gmail.com
1158,Edward,Singh,046.342.6684,christina83@roberson-carroll.net
1159,Christopher,Jordan,6429276473,sgarcia@miller.biz
1160,Katherine,Stark,(682)901-3647x61952,robert46@hotmail.com
1161,Debra,Baker,001-162-899-1255x31132,rogerswilliam@guzman-cook.com
1162,Felicia,Grimes,(135)510-9153,nmills@yahoo.com
1163,Robert,Nelson,001-718-570-4952,tayloryu@hines.com
1164,Jennifer,Phillips,001-534-638-4491,xperkins@huerta-parsons.com
1165,George,Hess,001-162-542-4146x5387,laurajohnson@gmail.com
1166,Eric,Gibson,+1-869-126-8261x3712,smithchristina@long.com
1167,Todd,Whitehead,465.187.1041x970,kathypatterson@west.com
1168,Hayden,Morrow,409-836-2834,chavezjason@gmail.com
1169,Karen,Watkins,(066)536-8977,lcooke@gmail.com
1170,Kelly,Jones,635-775-1847x08053,rachelmann@james-garcia.info
1171,Lauren,Robbins,001-760-027-0332x19538,zhenry@lee.com
1172,Allison,Jenkins,630-747-3227x06187,martingregory@crawford.info
1173,Rebecca,Reeves,1680774283,ronald08@yahoo.com
1174,Jeffrey,Orr,+1-443-651-7857x390,joneseileen@patton.com
1175,William,Nelson,(685)655-1588,thomaswhitehead@york-barnes.com
1176,Michael,Sanchez,112-886-8190x987,yhenry@hotmail.com
1177,Zachary,Moore,106.928.6579,christine75@gmail.com
1178,Peter,Parrish,+1-027-657-4679x360,powersjason@gmail.com
1179,Luke,Anderson,707-468-1600x60151,feliciamcdaniel@hotmail.com
1180,Randy,Snyder,3808562951,brandon61@gmail.com
1181,Tyler,Bell,724-439-9172,kkirk@yahoo.com
1182,Jennifer,Walker,4468002893,ambergarza@beck.net
1183,Deborah,Brown,105-915-5256x28297,uwilliamson@gmail.com
1184,Barbara,Edwards,(645)364-0701x893,jeremy10@hotmail.com
1185,Lisa,Nunez,001-485-596-7282x63254,nancy89@price-riley.org
1186,Laura,Saunders,346-222-3686,mary53@daniels-turner.com
1187,Tyler,Fernandez,991.978.2684x12299,rosscheryl@parker.com
1188,Stephanie,Rose,057.841.9357,sanderssamantha@hotmail.com
1189,Christina,Meza,+1-241-743-6746x88566,pbooth@yahoo.com
1190,Monique,Hanson,(319)555-1352,zcline@hotmail.com
1191,Lisa,Ortiz,(052)440-2747x295,gregorydylan@gmail.com
1192,Thomas,Johnson,001-069-767-0507x326,boydtracy@mendoza.org
1193,Brian,Vasquez,(925)506-0101x73812,wallacepamela@yahoo.com
1194,Candice,Peterson,751-116-1016x02199,julia15@griffin.com
1195,Carol,Mendoza,(338)080-2384x62806,kirbywilliam@hotmail.com
1196,Rachel,Henry,877-683-4292x17526,gbauer@dawson-hunt.biz
1197,Charles,Henderson,011.087.9470x5659,anthony97@coleman.biz
1198,Tammy,Gonzalez,(556)201-2843x46481,bknapp@mercer-reid.com
1199,Jackie,Stewart,368-106-7029x107,jonesjennifer@hess.com
1200,Katie,Dunn,(230)669-1748,jillian69@hotmail.com
1201,Carla,Knapp,+1-216-715-7487x75726,andrea17@barrett-rodriguez.com
1202,Reginald,Browning,(798)235-3794,nwilliams@yahoo.com
1203,Roy,Brown,001-881-669-5666x120,ryan29@hotmail.com
1204,Jennifer,Ho,001-265-198-9492,thomasmoore@brooks-gray.com
1205,Kristi,Humphrey,2041651458,bwebster@daniels-blackwell.com
1206,Evelyn,Bruce,+1-749-052-0389x220,wguzman@hoffman-scott.net
1207,Lisa,Myers,742.288.8449,justin55@cordova.com
1208,Tyler,Zimmerman,814-672-3447,qduncan@houston-mccullough.info
1209,Tamara,Perez,+1-885-445-3957x266,dmosley@lozano-martin.net
1210,Derek,Harrison,+1-601-811-5757x00196,emmakelley@thomas.com
1211,Erik,Rice,934.962.3409,mitchellcolleen@jackson.com
1212,Dustin,Hamilton,9670571325,donaldnichols@hotmail.com
1213,Thomas,Adams,201.121.0455,eric02@fernandez-west.com
1214,John,Mora,0099055112,stefaniebird@clark.com
1215,Tanner,Bennett,8594440851,murphyronnie@medina-stevenson.com
1216,Denise,Miller,858-502-3211x4209,andrew43@hotmail.com
1217,Jennifer,Wilson,+1-167-081-4935x97261,hernandezrebecca@hotmail.com
1218,Michele,Brown,871-074-2492,madelinemartinez@hotmail.com
1219,Samantha,Smith,515-022-0914,petersonvanessa@williams.org
1220,Sharon,Gutierrez,001-728-394-7970x3106,josephjohn@hotmail.com
1221,Amanda,Farley,001-724-618-9532,dgordon@johnson-jones.com
1222,Stephanie,Love,4326183288,dpatterson@hughes-sampson.org
1223,Daniel,Bennett,236.295.2405x49675,alopez@yahoo.com
1224,Cameron,Morton,762.819.4191,iwalsh@hotmail.com
1225,Justin,Clay,654-813-3878x983,danavasquez@lewis.biz
1226,Jeremy,Mcdonald,001-472-100-1598x603,gherrera@gmail.com
1227,Breanna,Lopez,+1-651-144-8891x18188,thomasdaniel@hotmail.com
1228,Kari,Schroeder,(404)623-0385,thompsondenise@hopkins.info
1229,Luis,Fuller,001-729-878-0030x766,carlsonwilliam@yates-smith.info
1230,Christina,Walsh,994.172.8193x411,sharonjohnson@gmail.com
1231,Melissa,Daniels,+1-051-999-5147x34752,bryanrodriguez@strong.com
1232,Nicholas,Hardy,846.122.0299x714,kristensmith@yahoo.com
1233,Jeffrey,Walker,165-004-5363,nsparks@schroeder.info
1234,Evan,Wilkinson,547-376-6366,vwallace@gmail.com
1235,Gene,Morris,001-874-651-0025,ghoffman@carson-crawford.com
1236,Jonathan,Costa,001-117-671-1441,melissa50@gmail.com
1237,Andre,Stewart,337.583.5823,kristine27@hunt-cardenas.net
1238,Kristin,Sims,617.421.8824x2717,dcampbell@mills-green.com
1239,Miranda,Perry,588-843-7738x8356,huntchristine@gmail.com
1240,Drew,Perez,(973)249-3948x2648,aharris@gmail.com
1241,Derrick,Cooper,487-060-4109x071,pharrison@gentry.net
1242,Garrett,Smith,896.465.6926,justin77@ramirez.org
1243,Lindsay,Dominguez,556-563-3271x66245,kathleen43@smith.com
1244,Nicole,Hayes,675.099.6629x439,mcintyrebrittany@cain.com
1245,Jeanette,Brown,+1-085-395-8995x2479,chelsea59@yahoo.com
1246,Randall,Short,607.410.5264,joshuaknight@campbell.info
1247,Scott,Jackson,(263)310-0452,ibooth@yahoo.com
1248,Alicia,Johnson,947-363-1828x58893,amy64@yahoo.com
1249,Anna,Olson,813.615.2351,johnsonteresa@burton.com
1250,Tanya,Rivera,+1-481-109-5363x2806,rachelmartinez@lee-howell.info
1251,Amanda,Stanley,+1-282-671-6971x4274,garciatodd@hawkins.com
1252,John,Dixon,480-665-7519x812,johnsontiffany@yahoo.com
1253,Matthew,Miller,(171)136-9936x75849,tgiles@yahoo.com
1254,Mary,Todd,+1-574-817-7659x4427,bestsara@gmail.com
1255,Lori,Johnson,001-349-756-1339x53320,jennifer54@yahoo.com
1256,Courtney,Price,(456)428-3036x236,sara29@gmail.com
1257,Kevin,White,+1-797-112-3641x225,conniecontreras@hotmail.com
1258,Jenna,Anthony,488-885-4452x1440,crawfordjohn@johnson.biz
1259,Cheyenne,Cortez,+1-253-420-3305,kimparker@hotmail.com
1260,Scott,Matthews,660-561-0428x351,griffinstephen@knight.com
1261,Theresa,Kelley,(656)630-9840x91042,todd00@gmail.com
1262,Kayla,Larson,7080226405,igould@yahoo.com
1263,Joseph,Myers,911-133-3965x13510,jennifer51@ingram.com
1264,Brittany,Morales,(060)534-0115x298,slopez@bond.com
1265,Ashley,Gregory,(048)500-7243x0762,robertsondavid@velazquez.info
1266,Evan,Johnson,+1-569-725-2216x004,ryoung@nichols.com
1267,Michael,Anderson,968-651-8490x14564,scottmcmillan@middleton.net
1268,Shawn,Wright,705-613-3916,plopez@hotmail.com
1269,Dana,Lee,(541)598-6246,charlesjones@contreras.info
1270,John,Johnson,+1-132-166-9627x448,robert84@yahoo.com
1271,Mark,Proctor,+1-502-931-2299x148,fitzpatrickadrienne@gmail.com
1272,Michelle,Nicholson,(734)135-2787x983,eric57@yahoo.com
1273,Katherine,Livingston,2746721065,patrick41@gmail.com
1274,Sara,Parsons,7377628099,melissafrost@yahoo.com
1275,Gwendolyn,Hendricks,827.979.7221x55179,cooperlori@yahoo.com
1276,Albert,Cruz,020-506-9882,randall08@yahoo.com
1277,Wendy,Welch,676-018-2948x0143,sheilagraham@ayers.com
1278,David,Madden,(760)992-1946x568,perezmichelle@sims-smith.com
1279,Kimberly,Taylor,064-755-7801x0059,roberthodges@gmail.com
1280,Brian,Wheeler,149.684.6218x28221,pgoodman@mcmahon-johnston.com
1281,Daniel,Johnston,001-292-998-1384x7359,oblack@yahoo.com
1282,Gerald,Ingram,4907479091,robert35@jones.biz
1283,Katherine,Robertson,(995)155-0408x365,matthewsjonathan@yahoo.com
1284,Vincent,Jones,937-579-2141x5570,riveramichael@yahoo.com
1285,Larry,Gillespie,717.951.3527,hterry@yahoo.com
1286,Alexis,Hughes,370-948-3379,vmoody@rice-blevins.com
1287,Veronica,Daniel,9669614436,lindseyparker@gmail.com
1288,Daniel,Daniels,496-350-5814,brooke13@adams.com
1289,Jessica,Stevens,913-502-8183,sarah55@mitchell-wagner.com
1290,Gregory,Khan,001-920-666-3668,kellybrown@flynn-fletcher.info
1291,Michelle,Green,266.479.7853x40182,williamtaylor@gmail.com
1292,Mary,Coleman,(738)194-4977,riveraadam@peterson.net
1293,Yvonne,Foster,154-676-7891,andrewacosta@young-hogan.net
1294,Christopher,Wallace,001-441-811-6246,clarkdon@gmail.com
1295,Keith,Zimmerman,(541)728-8241x46359,joselewis@shaffer.info
1296,Patrick,Nguyen,913-915-9120,deannarichards@daniels-herring.com
1297,Alexis,Smith,5797808200,gordonkelly@gmail.com
1298,Gregory,Thomas,015.428.3309x6140,zdelgado@yahoo.com
1299,Christine,Roberts,+1-783-642-4574x3857,gregoryhowell@hernandez-sexton.net
1300,Matthew,Cooper,001-031-157-3116x005,brettwilson@moreno.com
1301,Joseph,Johnson,825.024.1581,xbrock@robinson.info
1302,Carly,Russell,053.571.3080x5554,amanda24@gmail.com
1303,Justin,Harper,032.100.3413,wilsonlatoya@yahoo.com
1304,Michelle,Baker,842-042-3556x529,millerrussell@hotmail.com
1305,Steven,Garcia,1455737340,davidjones@clark-martin.com
1306,Jack,Morales,132.401.7068x623,swansonjuan@stone.com
1307,Austin,Benson,+1-974-404-7269,kathy75@yahoo.com
1308,John,Frey,962-357-7320x58093,nphillips@gmail.com
1309,Kimberly,Davis,(692)701-4044x7823,dunlapamanda@lopez.com
1310,Laura,King,949-741-2258x9364,andersonheather@hotmail.com
1311,Jerry,Blackwell,138-709-5437,robertsdonna@murphy-walsh.org
1312,Timothy,Maynard,(593)341-9923,fgrant@wright-jones.info
1313,Jennifer,Lawrence,(818)356-6009,pcombs@hotmail.com
1314,Tyler,Horton,001-882-411-1417,duncanaaron@hotmail.com
1315,Charles,Bowers,023.863.8469x16021,ashleymichelle@zimmerman-gross.com
1316,Jennifer,Jones,(442)138-8724,salazarmelinda@chan-horne.com
1317,Timothy,Smith,4137989031,mirandagarza@gonzalez.org
1318,Jason,Anderson,270.833.7970x425,xwhitaker@lane.com
1319,Robyn,Smith,538.207.4531x3825,dwayne84@jackson.com
1320,Shaun,Bright,+1-435-258-6621,bryan59@hotmail.com
1321,Michael,Salinas,543.052.5686,ryanschmidt@diaz.biz
1322,Raven,Christian,986.502.3981x669,kentthomas@thomas.com
1323,Adam,Torres,(517)319-2537x52625,alexandramorales@baker.info
1324,Kari,Massey,+1-031-899-8140x209,bakerlisa@gilbert.com
1325,Michael,Diaz,+1-385-806-2538x119,rschneider@martinez.com
1326,Raymond,Gutierrez,834.698.9477x9208,william82@gmail.com
1327,Melinda,Rivera,(826)140-7504,murphykeith@hotmail.com
1328,Renee,Cole,0556878151,fstanley@yahoo.com
1329,Michael,Nunez,001-395-153-7273x97630,alicewolfe@johnson.com
1330,Diane,Miranda,001-711-283-4747x7874,gabrielle25@castillo-ford.com
1331,Ryan,Juarez,001-815-459-9676x852,dwarren@hotmail.com
1332,Robert,Shaw,0960062746,vanessa05@yahoo.com
1333,Micheal,Bennett,(013)638-3210,qharper@marquez.com
1334,Tammy,Clark,001-043-419-8809x024,gainesmichele@hotmail.com
1335,Kyle,Keller,+1-070-234-2456x07771,elizabethpearson@newton.com
1336,Mallory,Meadows,001-816-269-3417x084,taylorwarren@hernandez-carson.net
1337,Vincent,Gilbert,+1-895-252-1898x62121,pgutierrez@steele.com
1338,Debbie,Baker,(557)654-8782x5492,hernandezmaria@hotmail.com
1339,Bruce,Porter,670.423.1719x66462,djohnson@gmail.com
1340,William,Brown,495-259-6501,lgarcia@gmail.com
1341,Deborah,Walker,721-215-4285x67429,jonathanosborne@davis-bates.biz
1342,Ryan,Gill,(611)335-3426,apearson@yahoo.com
1343,Dana,Allen,404.109.3947,andreajimenez@gmail.com
1344,Dana,Rojas,782-338-2135x137,monica98@hotmail.com
1345,Randy,Harris,259.248.1523x01500,kelsey48@yahoo.com
1346,Andrew,Rogers,(362)539-3272,kelleymichael@brooks-wood.com
1347,Laura,Moss,821.464.1885,wrightchristine@hotmail.com
1348,Whitney,Harris,001-753-346-3612x85419,navarroalicia@gmail.com
1349,Jennifer,Walton,001-235-401-2374x6750,bwilkinson@yahoo.com
1350,Michele,Wyatt,+1-988-113-7548,dillon91@fisher.com
1351,Julie,Martinez,942-818-7067x293,mistyaguilar@gmail.com
1352,Mark,Ortiz,+1-330-800-8044,mcaldwell@mcdonald.com
1353,Ricardo,Greer,880-244-7619x236,ushelton@yahoo.com
1354,Renee,House,+1-154-235-6053x785,shelly20@carter.com
1355,Peter,Singleton,070-792-4048x455,mhamilton@yahoo.com
1356,Joshua,Molina,876-952-5428x375,kimberly93@baldwin.biz
1357,Erin,Dunlap,(484)920-3132x204,justinhudson@yahoo.com
1358,Derek,Peters,+1-410-186-8209x77459,gwhite@gmail.com
1359,Charles,Sanford,(908)462-3496x246,brian13@figueroa-baker.com
1360,Terri,Sanders,448.031.7201x5216,xacevedo@gmail.com
1361,Stephanie,Rivera,828.324.7199,wrightamber@hawkins.info
1362,Joshua,James,(809)374-5390,yoderethan@hotmail.com
1363,Yvette,Reese,(275)431-7688x3527,stuartrobert@sutton.com
1364,Anne,Green,600-240-0664x23701,lucas99@yahoo.com
1365,Mary,Green,001-271-516-8650,valerie36@gmail.com
1366,Robin,Watson,998.510.4366x2127,annalewis@hernandez.com
1367,John,Mcdaniel,(073)412-0560,mcknightjay@gmail.com
1368,Tyler,Ross,001-595-111-6411,tinawalker@hotmail.com
1369,Daniel,Adams,864.123.0637,rebeccascott@nelson.org
1370,Wanda,Anderson,+1-998-185-1312x10173,michael13@hicks-medina.net
1371,Emma,Morgan,199.793.6480,sanchezgloria@rosales.info
1372,Brian,Baxter,145.634.1606,jennifersimmons@hotmail.com
1373,Marie,Rose,001-889-969-8402x8147,brookecortez@brooks.com
1374,Anthony,Hernandez,+1-391-878-0860,johnsonemma@turner.com
1375,Amy,Briggs,759-888-5155x11471,ugraves@gmail.com
1376,Scott,Gonzalez,001-757-730-1831x4910,hannah25@hotmail.com
1377,Anthony,Howard,920-786-1763x5621,jpeterson@yahoo.com
1378,Brenda,Cobb,888.354.7328,edwin83@smith.org
1379,Sandra,Stafford,1402265195,anna11@hammond-white.net
1380,Danielle,Griffith,258-967-6404x85538,petersonsteven@hotmail.com
1381,Kimberly,Joseph,284-930-8086x45555,herrerarebecca@finley.com
1382,Thomas,Moore,001-431-651-5848,holmesmark@hotmail.com
1383,Craig,Norman,001-097-186-1195x903,morrisjoseph@gmail.com
1384,Kirsten,Roberts,001-450-984-4527,schmittbrandi@smith-thompson.com
1385,Danielle,Morris,1911428308,adamsjennifer@johnson.net
1386,Kyle,Floyd,427-813-4580x6021,walkerlawrence@murphy.com
1387,Jacqueline,Gillespie,572-714-5304x3543,autumnfrank@hotmail.com
1388,Barbara,Mitchell,(342)137-1405x78252,paynemarcus@collins.net
1389,Jessica,Smith,+1-016-118-7774,swansonmaria@navarro-hernandez.com
1390,Ruben,Hoover,907-116-2212,drakenicole@gmail.com
1391,Tony,Schmidt,(896)008-1013,jonesalyssa@sexton-gates.com
1392,Joseph,Clark,+1-928-443-2548x3898,qsmith@swanson-oneill.net
1393,Alexandra,Howell,001-607-963-5325x08497,christina54@hotmail.com
1394,Stanley,Hall,(198)752-4132,russellscott@yahoo.com
1395,Pam,Mcneil,001-307-463-3281x64734,michellenorton@hotmail.com
1396,Ashley,Barker,307.082.7701,edward73@burnett.com
1397,Angela,Baker,199-933-2980x8660,alexander56@wright-sanchez.com
1398,Ryan,Gardner,(423)012-6849x99471,xmcintosh@hotmail.com
1399,Matthew,Dean,876-248-6940x76181,roblesmatthew@graham.com
1400,James,Meyers,001-879-175-5694x940,tsmith@gmail.com
1401,Scott,Dunn,+1-359-616-3134x71996,bradleyarcher@bennett-beard.com
1402,Nicholas,Diaz,+1-664-802-9493,kathyholmes@moore.info
1403,Michael,Burton,171-765-9461x38283,bwheeler@hotmail.com
1404,Michael,Meyer,(070)138-6790x41275,caseysmith@hotmail.com
1405,Rhonda,Nunez,451.108.8986x79554,leemarvin@sutton.com
1406,Donna,Peterson,914.273.7849x476,jeffreywells@wilson.com
1407,Dennis,Hughes,7970206375,jose46@jacobs.com
1408,Stephanie,Levy,253-716-5850x445,toddluis@gmail.com
1409,Raymond,Reed,542-632-1443,wfarmer@yahoo.com
1410,Elijah,Hughes,(340)631-7478x32049,christopher70@hotmail.com
1411,Linda,Jones,588-684-0377,umay@blair-martin.net
1412,Karen,Cooper,086-134-6764,kelly02@yahoo.com
1413,Robert,Pham,001-993-967-3723x16791,tracy92@hotmail.com
1414,Patrick,Keller,001-718-331-8627x7835,zellison@yahoo.com
1415,Brandi,Johnson,(200)932-0891x14377,andrewbrown@gmail.com
1416,Eric,Lambert,001-639-622-7795,martinezdouglas@hotmail.com
1417,Cory,Cooke,4034402783,nelsonthomas@gmail.com
1418,Clifford,Ellis,027-332-1692x6491,aliciamiller@taylor.biz
1419,Javier,Craig,+1-414-299-4136x179,marythomas@gmail.com
1420,Nicholas,Jackson,0118493808,fowlerlori@ramirez.net
1421,Tammy,English,(722)846-9277x210,pittsbrenda@campbell.com
1422,Maria,Cunningham,001-248-780-8889,richardskayla@yahoo.com
1423,Krystal,Holmes,3076996286,penamicheal@yahoo.com
1424,Mark,Reyes,(544)742-1702x542,christianbridges@rollins.com
1425,Nathan,Weber,210-098-8760x8700,davidvalencia@butler.com
1426,Brian,Maldonado,(777)329-0582,wagnerdonald@blevins-harris.com
1427,April,Kelly,+1-440-485-7067x24368,glawrence@yahoo.com
1428,Nicholas,Reyes,145-139-4796x91597,staffordbrandon@sheppard.com
1429,Blake,Gonzalez,+1-256-026-7855x663,martinezadam@hall.org
1430,Christina,Smith,(813)756-5038x716,zmoore@yahoo.com
1431,Martha,Carpenter,244.278.4101,walterskimberly@yahoo.com
1432,Jesus,Parrish,206-065-5409,efitzgerald@patterson.com
1433,Lisa,Hicks,(258)521-7176x083,droberts@baker-wright.info
1434,Steven,Greene,(162)319-0213x37155,michaeldixon@mitchell.com
1435,Robert,Reyes,(744)899-5643x535,scampbell@gmail.com
1436,Troy,Soto,230-541-9692x73586,fuentesadam@hotmail.com
1437,Natalie,Hampton,001-877-997-4138,mayerryan@thomas-jackson.com
1438,Debra,Rogers,976.351.2947x84119,suarezkathleen@yahoo.com
1439,Kelly,Burton,528.121.0814x916,hernandezheather@lopez-johnson.biz
1440,Stephen,Yang,(046)419-7405x476,michele76@orr-torres.com
1441,Ashley,Humphrey,191-051-6982x2562,ramireztammy@gmail.com
1442,Gregory,Wilcox,716-705-5248,williejenkins@robinson.com
1443,Howard,Small,827-343-0958x22326,richard93@lam.com
1444,Stephen,Garcia,0236477081,robert18@gmail.com
1445,Emily,Mitchell,939-504-0140,richardpeters@hotmail.com
1446,Kevin,Johnson,687.976.3712,littledavid@yahoo.com
1447,Misty,Harrison,753-131-6337x630,gina21@harvey.com
1448,Cameron,Hernandez,+1-610-274-1598x851,smithtimothy@campbell.com
1449,Robin,Scott,(300)023-8798x1361,jaredchurch@russell.info
1450,Billy,Graham,+1-105-977-4914,mary02@gmail.com
1451,Laura,Jackson,+1-862-329-2240x79037,vbrown@yahoo.com
1452,Dennis,Reyes,(008)896-7001x8382,brittany79@hotmail.com
1453,Katrina,Payne,(724)474-0276,tracey28@johnson.com
1454,Noah,Bush,3206545283,sadams@gmail.com
1455,Susan,Cortez,001-809-079-0483,jonesjohn@yahoo.com
1456,Daniel,Johnson,365-196-4295,urose@yahoo.com
1457,Sean,Peterson,978.151.3147x160,stephensonjennifer@yahoo.com
1458,Anthony,Parks,693.961.4190,jordan52@taylor.com
1459,Melissa,Torres,+1-700-045-2840x9251,stephen14@yahoo.com
1460,Alicia,Weiss,001-726-100-7166x3482,vaustin@smith.com
1461,Joseph,Charles,+1-142-948-8885x9476,larryallen@hotmail.com
1462,Michael,Martinez,903-783-6153,thomasleslie@yahoo.com
1463,Paul,Mitchell,819-428-2436,rthomas@yahoo.com
1464,Christopher,Roth,114-975-7288,xwatkins@english.biz
1465,Latoya,Neal,+1-226-958-0522x69409,thomaslewis@ortiz.com
1466,Bryan,Johnson,054-442-2951,huntnatasha@yahoo.com
1467,Preston,Murphy,400-450-1740x0239,raymond22@gmail.com
1468,Sarah,Sharp,905-325-2999,hskinner@terrell-garrett.com
1469,Isabel,Drake,+1-560-917-0050x66212,xwilliams@gmail.com
1470,Kayla,Gordon,+1-395-730-2140,matthew21@gmail.com
1471,Patricia,Patel,7282605378,joseph71@rivera.com
1472,Denise,Cobb,6483889513,samueldalton@hines.com
1473,Michael,Erickson,(206)975-8739,jeanette62@mercado-preston.info
1474,Perry,Saunders,125-137-4501x790,fgarza@parker-lambert.com
1475,Christina,Cabrera,772-501-3528,ywhite@richard-jennings.net
1476,Cheyenne,Jones,2400116795,garythomas@yahoo.com
1477,Michael,Kline,+1-961-966-1935x13855,wstuart@cardenas-perez.com
1478,Vincent,Martinez,599.920.7341,yrowe@ali.biz
1479,Elizabeth,Turner,(120)312-4148,faulknerjeffrey@yahoo.com
1480,Mark,Simmons,(858)358-4736x01474,blackcassandra@hotmail.com
1481,Margaret,Lee,859.282.5599,rodneymurray@williams.com
1482,Melanie,Williams,988.075.0519x092,hernandezashley@yahoo.com
1483,Michael,Patel,963.345.3013,willie94@ewing-walsh.com
1484,Andrea,Martinez,+1-220-844-4300x89351,daniellespence@yahoo.com
1485,Karen,Stephenson,(143)015-3840x940,hunteramy@hotmail.com
1486,Donald,Todd,(473)472-1800x8009,amandaclark@gmail.com
1487,Deanna,Robinson,+1-350-955-9701x78430,nathaniel13@hotmail.com
1488,Andrew,Young,574.510.7788x89828,qbond@yahoo.com
1489,Emily,Roberts,649.311.5230,kaitlinheath@simpson-oliver.com
1490,Tristan,Long,(687)112-7625x821,kimdalton@stafford.com
1491,Samantha,Brown,(360)026-8476x46820,lisa32@wolf.com
1492,Gregory,Peters,777.289.5014,tturner@gmail.com
1493,Felicia,White,+1-197-292-7198,michelleryan@adams-roth.org
1494,Carl,Hill,605.821.9900x455,daniellemcdonald@hotmail.com
1495,Amy,Wise,905-603-5407x7060,jeffreybryant@yahoo.com
1496,Victoria,Decker,+1-794-705-0520x43162,chaveztyler@gmail.com
1497,Richard,Benjamin,(898)658-0405x89259,harriseileen@yahoo.com
1498,Paul,Taylor,6930999306,alexandra71@yahoo.com
1499,William,Watkins,001-091-126-8710x812,davidfriedman@hotmail.com
1500,Miranda,Martinez,+1-206-460-6537x47745,johnsondevin@flores.com
